experiment_name,camera_id,source,frame_id,timestamp,processed_at,width,height,person_count,processing_time_ms,annotated_frame,bounding_boxes_json
sidewalk_20260611_013714,camera_01,data\video\sidewalk.mp4,1,2026-06-11T01:37:30,2026-06-11T01:37:30,1920,1080,3,129.79,output\experiments\sidewalk_20260611_013714\annotated_frames\camera_01_frame_000001.jpg,"[{""x1"": 833.95, ""y1"": 2.56, ""x2"": 1656.24, ""y2"": 1063.82, ""confidence"": 0.8934, ""class_id"": 0, ""class_name"": ""person""}, {""x1"": 1627.33, ""y1"": 0.3, ""x2"": 1918.18, ""y2"": 989.79, ""confidence"": 0.89, ""class_id"": 0, ""class_name"": ""person""}, {""x1"": 633.88, ""y1"": 346.45, ""x2"": 705.8, ""y2"": 431.22, ""confidence"": 0.5815, ""class_id"": 0, ""class_name"": ""person""}]"
sidewalk_20260611_013714,camera_01,data\video\sidewalk.mp4,2,2026-06-11T01:37:30,2026-06-11T01:37:31,1920,1080,3,53.68,output\experiments\sidewalk_20260611_013714\annotated_frames\camera_01_frame_000002.jpg,"[{""x1"": 844.16, ""y1"": 0.0, ""x2"": 1687.42, ""y2"": 1069.82, ""confidence"": 0.8717, ""class_id"": 0, ""class_name"": ""person""}, {""x1"": 1633.79, ""y1"": 3.1, ""x2"": 1918.84, ""y2"": 987.86, ""confidence"": 0.8635, ""class_id"": 0, ""class_name"": ""person""}, {""x1"": 642.39, ""y1"": 345.37, ""x2"": 704.75, ""y2"": 412.84, ""confidence"": 0.4478, ""class_id"": 0, ""class_name"": ""person""}]"
sidewalk_20260611_013714,camera_01,data\video\sidewalk.mp4,3,2026-06-11T01:37:31,2026-06-11T01:37:31,1920,1080,4,55.81,output\experiments\sidewalk_20260611_013714\annotated_frames\camera_01_frame_000003.jpg,"[{""x1"": 859.34, ""y1"": 3.64, ""x2"": 1754.83, ""y2"": 1071.19, ""confidence"": 0.8413, ""class_id"": 0, ""class_name"": ""person""}, {""x1"": 1632.73, ""y1"": 4.98, ""x2"": 1915.98, ""y2"": 988.81, ""confidence"": 0.392, ""class_id"": 0, ""class_name"": ""person""}, {""x1"": 651.31, ""y1"": 345.0, ""x2"": 710.01, ""y2"": 401.86, ""confidence"": 0.327, ""class_id"": 0, ""class_name"": ""person""}, {""x1"": 1736.75, ""y1"": 510.94, ""x2"": 1919.2, ""y2"": 942.7, ""confidence"": 0.3083, ""class_id"": 0, ""class_name"": ""person""}]"
sidewalk_20260611_013714,camera_01,data\video\sidewalk.mp4,4,2026-06-11T01:37:31,2026-06-11T01:37:31,1920,1080,1,58.72,output\experiments\sidewalk_20260611_013714\annotated_frames\camera_01_frame_000004.jpg,"[{""x1"": 948.71, ""y1"": 4.69, ""x2"": 1836.49, ""y2"": 1071.71, ""confidence"": 0.8465, ""class_id"": 0, ""class_name"": ""person""}]"
sidewalk_20260611_013714,camera_01,data\video\sidewalk.mp4,5,2026-06-11T01:37:31,2026-06-11T01:37:31,1920,1080,2,55.94,output\experiments\sidewalk_20260611_013714\annotated_frames\camera_01_frame_000005.jpg,"[{""x1"": 1095.71, ""y1"": 4.45, ""x2"": 1916.86, ""y2"": 1066.48, ""confidence"": 0.86, ""class_id"": 0, ""class_name"": ""person""}, {""x1"": 665.4, ""y1"": 310.03, ""x2"": 716.07, ""y2"": 389.76, ""confidence"": 0.2699, ""class_id"": 0, ""class_name"": ""person""}]"
sidewalk_20260611_013714,camera_01,data\video\sidewalk.mp4,6,2026-06-11T01:37:31,2026-06-11T01:37:31,1920,1080,2,56.9,output\experiments\sidewalk_20260611_013714\annotated_frames\camera_01_frame_000006.jpg,"[{""x1"": 1155.87, ""y1"": 3.04, ""x2"": 1917.34, ""y2"": 1067.95, ""confidence"": 0.884, ""class_id"": 0, ""class_name"": ""person""}, {""x1"": 665.12, ""y1"": 316.39, ""x2"": 715.04, ""y2"": 388.02, ""confidence"": 0.2801, ""class_id"": 0, ""class_name"": ""person""}]"
sidewalk_20260611_013714,camera_01,data\video\sidewalk.mp4,7,2026-06-11T01:37:32,2026-06-11T01:37:32,1920,1080,1,58.32,output\experiments\sidewalk_20260611_013714\annotated_frames\camera_01_frame_000007.jpg,"[{""x1"": 1310.23, ""y1"": 5.05, ""x2"": 1919.21, ""y2"": 1064.58, ""confidence"": 0.885, ""class_id"": 0, ""class_name"": ""person""}]"
sidewalk_20260611_013714,camera_01,data\video\sidewalk.mp4,8,2026-06-11T01:37:32,2026-06-11T01:37:32,1920,1080,1,59.09,output\experiments\sidewalk_20260611_013714\annotated_frames\camera_01_frame_000008.jpg,"[{""x1"": 1214.69, ""y1"": 1.33, ""x2"": 1919.56, ""y2"": 1066.32, ""confidence"": 0.9022, ""class_id"": 0, ""class_name"": ""person""}]"
sidewalk_20260611_013714,camera_01,data\video\sidewalk.mp4,9,2026-06-11T01:37:32,2026-06-11T01:37:32,1920,1080,2,54.99,output\experiments\sidewalk_20260611_013714\annotated_frames\camera_01_frame_000009.jpg,"[{""x1"": 1152.01, ""y1"": 2.22, ""x2"": 1766.38, ""y2"": 999.54, ""confidence"": 0.7843, ""class_id"": 0, ""class_name"": ""person""}, {""x1"": 1628.25, ""y1"": 4.42, ""x2"": 1919.38, ""y2"": 1071.07, ""confidence"": 0.278, ""class_id"": 0, ""class_name"": ""person""}]"
sidewalk_20260611_013714,camera_01,data\video\sidewalk.mp4,10,2026-06-11T01:37:32,2026-06-11T01:37:32,1920,1080,2,55.04,output\experiments\sidewalk_20260611_013714\annotated_frames\camera_01_frame_000010.jpg,"[{""x1"": 1123.61, ""y1"": 2.2, ""x2"": 1783.85, ""y2"": 1000.67, ""confidence"": 0.7946, ""class_id"": 0, ""class_name"": ""person""}, {""x1"": 1645.75, ""y1"": 8.0, ""x2"": 1919.42, ""y2"": 1070.08, ""confidence"": 0.4082, ""class_id"": 0, ""class_name"": ""person""}]"
sidewalk_20260611_013714,camera_01,data\video\sidewalk.mp4,11,2026-06-11T01:37:32,2026-06-11T01:37:32,1920,1080,2,53.47,output\experiments\sidewalk_20260611_013714\annotated_frames\camera_01_frame_000011.jpg,"[{""x1"": 1095.82, ""y1"": 11.6, ""x2"": 1744.25, ""y2"": 1002.86, ""confidence"": 0.8548, ""class_id"": 0, ""class_name"": ""person""}, {""x1"": 1647.87, ""y1"": 6.85, ""x2"": 1919.38, ""y2"": 1070.26, ""confidence"": 0.7582, ""class_id"": 0, ""class_name"": ""person""}]"
sidewalk_20260611_013714,camera_01,data\video\sidewalk.mp4,12,2026-06-11T01:37:33,2026-06-11T01:37:33,1920,1080,3,57.91,output\experiments\sidewalk_20260611_013714\annotated_frames\camera_01_frame_000012.jpg,"[{""x1"": 1074.39, ""y1"": 2.46, ""x2"": 1736.04, ""y2"": 997.05, ""confidence"": 0.9055, ""class_id"": 0, ""class_name"": ""person""}, {""x1"": 1656.74, ""y1"": 2.56, ""x2"": 1919.56, ""y2"": 1071.21, ""confidence"": 0.7694, ""class_id"": 0, ""class_name"": ""person""}, {""x1"": 1729.79, ""y1"": 514.66, ""x2"": 1800.92, ""y2"": 734.68, ""confidence"": 0.2695, ""class_id"": 0, ""class_name"": ""person""}]"
sidewalk_20260611_013714,camera_01,data\video\sidewalk.mp4,13,2026-06-11T01:37:33,2026-06-11T01:37:33,1920,1080,2,55.65,output\experiments\sidewalk_20260611_013714\annotated_frames\camera_01_frame_000013.jpg,"[{""x1"": 1061.63, ""y1"": 5.9, ""x2"": 1702.71, ""y2"": 994.75, ""confidence"": 0.9085, ""class_id"": 0, ""class_name"": ""person""}, {""x1"": 1648.55, ""y1"": 5.14, ""x2"": 1919.12, ""y2"": 1044.78, ""confidence"": 0.7309, ""class_id"": 0, ""class_name"": ""person""}]"
sidewalk_20260611_013714,camera_01,data\video\sidewalk.mp4,14,2026-06-11T01:37:33,2026-06-11T01:37:33,1920,1080,3,59.06,output\experiments\sidewalk_20260611_013714\annotated_frames\camera_01_frame_000014.jpg,"[{""x1"": 1051.43, ""y1"": 2.52, ""x2"": 1634.88, ""y2"": 997.37, ""confidence"": 0.9065, ""class_id"": 0, ""class_name"": ""person""}, {""x1"": 1607.84, ""y1"": 6.64, ""x2"": 1918.91, ""y2"": 1070.05, ""confidence"": 0.8374, ""class_id"": 0, ""class_name"": ""person""}, {""x1"": 1461.55, ""y1"": 416.57, ""x2"": 1530.84, ""y2"": 576.93, ""confidence"": 0.4014, ""class_id"": 0, ""class_name"": ""person""}]"
sidewalk_20260611_013714,camera_01,data\video\sidewalk.mp4,15,2026-06-11T01:37:33,2026-06-11T01:37:33,1920,1080,3,54.29,output\experiments\sidewalk_20260611_013714\annotated_frames\camera_01_frame_000015.jpg,"[{""x1"": 1049.86, ""y1"": 0.0, ""x2"": 1568.78, ""y2"": 990.85, ""confidence"": 0.9108, ""class_id"": 0, ""class_name"": ""person""}, {""x1"": 1606.05, ""y1"": 7.07, ""x2"": 1918.86, ""y2"": 1076.86, ""confidence"": 0.8643, ""class_id"": 0, ""class_name"": ""person""}, {""x1"": 1471.96, ""y1"": 398.29, ""x2"": 1533.15, ""y2"": 581.53, ""confidence"": 0.4938, ""class_id"": 0, ""class_name"": ""person""}]"
sidewalk_20260611_013714,camera_01,data\video\sidewalk.mp4,16,2026-06-11T01:37:33,2026-06-11T01:37:34,1920,1080,3,53.98,output\experiments\sidewalk_20260611_013714\annotated_frames\camera_01_frame_000016.jpg,"[{""x1"": 1606.69, ""y1"": 2.25, ""x2"": 1918.82, ""y2"": 1074.29, ""confidence"": 0.8545, ""class_id"": 0, ""class_name"": ""person""}, {""x1"": 1052.55, ""y1"": 0.0, ""x2"": 1612.94, ""y2"": 987.29, ""confidence"": 0.8419, ""class_id"": 0, ""class_name"": ""person""}, {""x1"": 1470.19, ""y1"": 396.21, ""x2"": 1536.63, ""y2"": 586.96, ""confidence"": 0.5903, ""class_id"": 0, ""class_name"": ""person""}]"
sidewalk_20260611_013714,camera_01,data\video\sidewalk.mp4,17,2026-06-11T01:37:34,2026-06-11T01:37:34,1920,1080,3,58.23,output\experiments\sidewalk_20260611_013714\annotated_frames\camera_01_frame_000017.jpg,"[{""x1"": 1587.99, ""y1"": 5.31, ""x2"": 1919.44, ""y2"": 1080.0, ""confidence"": 0.8785, ""class_id"": 0, ""class_name"": ""person""}, {""x1"": 1071.19, ""y1"": 1.98, ""x2"": 1505.95, ""y2"": 987.83, ""confidence"": 0.8381, ""class_id"": 0, ""class_name"": ""person""}, {""x1"": 1483.18, ""y1"": 398.66, ""x2"": 1541.76, ""y2"": 588.6, ""confidence"": 0.4762, ""class_id"": 0, ""class_name"": ""person""}]"
sidewalk_20260611_013714,camera_01,data\video\sidewalk.mp4,18,2026-06-11T01:37:34,2026-06-11T01:37:34,1920,1080,3,57.58,output\experiments\sidewalk_20260611_013714\annotated_frames\camera_01_frame_000018.jpg,"[{""x1"": 1531.67, ""y1"": 3.66, ""x2"": 1917.5, ""y2"": 1076.68, ""confidence"": 0.8509, ""class_id"": 0, ""class_name"": ""person""}, {""x1"": 989.15, ""y1"": 2.5, ""x2"": 1486.37, ""y2"": 991.03, ""confidence"": 0.735, ""class_id"": 0, ""class_name"": ""person""}, {""x1"": 1484.44, ""y1"": 401.42, ""x2"": 1551.45, ""y2"": 588.65, ""confidence"": 0.4574, ""class_id"": 0, ""class_name"": ""person""}]"
sidewalk_20260611_013714,camera_01,data\video\sidewalk.mp4,19,2026-06-11T01:37:34,2026-06-11T01:37:34,1920,1080,3,53.4,output\experiments\sidewalk_20260611_013714\annotated_frames\camera_01_frame_000019.jpg,"[{""x1"": 1498.51, ""y1"": 2.93, ""x2"": 1905.73, ""y2"": 1065.01, ""confidence"": 0.8197, ""class_id"": 0, ""class_name"": ""person""}, {""x1"": 962.21, ""y1"": 3.04, ""x2"": 1397.03, ""y2"": 995.72, ""confidence"": 0.7102, ""class_id"": 0, ""class_name"": ""person""}, {""x1"": 1488.55, ""y1"": 400.63, ""x2"": 1549.75, ""y2"": 568.83, ""confidence"": 0.3041, ""class_id"": 0, ""class_name"": ""person""}]"
sidewalk_20260611_013714,camera_01,data\video\sidewalk.mp4,20,2026-06-11T01:37:34,2026-06-11T01:37:34,1920,1080,2,54.81,output\experiments\sidewalk_20260611_013714\annotated_frames\camera_01_frame_000020.jpg,"[{""x1"": 1352.43, ""y1"": 6.54, ""x2"": 1874.06, ""y2"": 1076.1, ""confidence"": 0.8478, ""class_id"": 0, ""class_name"": ""person""}, {""x1"": 890.43, ""y1"": 2.88, ""x2"": 1293.16, ""y2"": 996.23, ""confidence"": 0.7954, ""class_id"": 0, ""class_name"": ""person""}]"
sidewalk_20260611_013714,camera_01,data\video\sidewalk.mp4,21,2026-06-11T01:37:34,2026-06-11T01:37:35,1920,1080,2,56.82,output\experiments\sidewalk_20260611_013714\annotated_frames\camera_01_frame_000021.jpg,"[{""x1"": 1239.45, ""y1"": 1.74, ""x2"": 1845.32, ""y2"": 1076.11, ""confidence"": 0.8961, ""class_id"": 0, ""class_name"": ""person""}, {""x1"": 755.65, ""y1"": 4.85, ""x2"": 1292.51, ""y2"": 992.9, ""confidence"": 0.85, ""class_id"": 0, ""class_name"": ""person""}]"
sidewalk_20260611_013714,camera_01,data\video\sidewalk.mp4,22,2026-06-11T01:37:35,2026-06-11T01:37:35,1920,1080,2,57.13,output\experiments\sidewalk_20260611_013714\annotated_frames\camera_01_frame_000022.jpg,"[{""x1"": 1144.99, ""y1"": 3.78, ""x2"": 1830.39, ""y2"": 1075.58, ""confidence"": 0.8796, ""class_id"": 0, ""class_name"": ""person""}, {""x1"": 690.94, ""y1"": 4.68, ""x2"": 1325.2, ""y2"": 984.76, ""confidence"": 0.8744, ""class_id"": 0, ""class_name"": ""person""}]"
sidewalk_20260611_013714,camera_01,data\video\sidewalk.mp4,23,2026-06-11T01:37:35,2026-06-11T01:37:35,1920,1080,2,58.13,output\experiments\sidewalk_20260611_013714\annotated_frames\camera_01_frame_000023.jpg,"[{""x1"": 672.07, ""y1"": 2.26, ""x2"": 1281.71, ""y2"": 1002.95, ""confidence"": 0.8964, ""class_id"": 0, ""class_name"": ""person""}, {""x1"": 1079.83, ""y1"": 0.0, ""x2"": 1831.59, ""y2"": 1074.09, ""confidence"": 0.8912, ""class_id"": 0, ""class_name"": ""person""}]"
sidewalk_20260611_013714,camera_01,data\video\sidewalk.mp4,24,2026-06-11T01:37:35,2026-06-11T01:37:35,1920,1080,2,60.46,output\experiments\sidewalk_20260611_013714\annotated_frames\camera_01_frame_000024.jpg,"[{""x1"": 651.78, ""y1"": 2.22, ""x2"": 1251.96, ""y2"": 1013.57, ""confidence"": 0.8852, ""class_id"": 0, ""class_name"": ""person""}, {""x1"": 1066.2, ""y1"": 0.17, ""x2"": 1811.83, ""y2"": 1075.17, ""confidence"": 0.8788, ""class_id"": 0, ""class_name"": ""person""}]"
sidewalk_20260611_013714,camera_01,data\video\sidewalk.mp4,25,2026-06-11T01:37:35,2026-06-11T01:37:35,1920,1080,4,62.3,output\experiments\sidewalk_20260611_013714\annotated_frames\camera_01_frame_000025.jpg,"[{""x1"": 1052.63, ""y1"": 1.34, ""x2"": 1806.29, ""y2"": 1077.38, ""confidence"": 0.9007, ""class_id"": 0, ""class_name"": ""person""}, {""x1"": 637.4, ""y1"": 5.12, ""x2"": 1223.23, ""y2"": 1004.66, ""confidence"": 0.8943, ""class_id"": 0, ""class_name"": ""person""}, {""x1"": 1238.38, ""y1"": 384.03, ""x2"": 1285.01, ""y2"": 560.05, ""confidence"": 0.4589, ""class_id"": 0, ""class_name"": ""person""}, {""x1"": 1178.72, ""y1"": 387.33, ""x2"": 1248.4, ""y2"": 559.67, ""confidence"": 0.406, ""class_id"": 0, ""class_name"": ""person""}]"
sidewalk_20260611_013714,camera_01,data\video\sidewalk.mp4,26,2026-06-11T01:37:36,2026-06-11T01:37:36,1920,1080,3,62.76,output\experiments\sidewalk_20260611_013714\annotated_frames\camera_01_frame_000026.jpg,"[{""x1"": 1040.01, ""y1"": 0.19, ""x2"": 1789.64, ""y2"": 1076.83, ""confidence"": 0.8967, ""class_id"": 0, ""class_name"": ""person""}, {""x1"": 635.4, ""y1"": 2.74, ""x2"": 1195.33, ""y2"": 1001.77, ""confidence"": 0.8919, ""class_id"": 0, ""class_name"": ""person""}, {""x1"": 1181.16, ""y1"": 384.79, ""x2"": 1252.97, ""y2"": 554.82, ""confidence"": 0.514, ""class_id"": 0, ""class_name"": ""person""}]"
sidewalk_20260611_013714,camera_01,data\video\sidewalk.mp4,27,2026-06-11T01:37:36,2026-06-11T01:37:36,1920,1080,2,68.59,output\experiments\sidewalk_20260611_013714\annotated_frames\camera_01_frame_000027.jpg,"[{""x1"": 1038.45, ""y1"": 5.05, ""x2"": 1742.6, ""y2"": 1075.2, ""confidence"": 0.8862, ""class_id"": 0, ""class_name"": ""person""}, {""x1"": 631.76, ""y1"": 4.08, ""x2"": 1119.7, ""y2"": 1004.89, ""confidence"": 0.8777, ""class_id"": 0, ""class_name"": ""person""}]"
sidewalk_20260611_013714,camera_01,data\video\sidewalk.mp4,28,2026-06-11T01:37:36,2026-06-11T01:37:36,1920,1080,2,75.98,output\experiments\sidewalk_20260611_013714\annotated_frames\camera_01_frame_000028.jpg,"[{""x1"": 1040.38, ""y1"": 3.73, ""x2"": 1666.1, ""y2"": 1072.58, ""confidence"": 0.8287, ""class_id"": 0, ""class_name"": ""person""}, {""x1"": 629.98, ""y1"": 0.0, ""x2"": 1056.87, ""y2"": 997.01, ""confidence"": 0.8178, ""class_id"": 0, ""class_name"": ""person""}]"
sidewalk_20260611_013714,camera_01,data\video\sidewalk.mp4,29,2026-06-11T01:37:36,2026-06-11T01:37:36,1920,1080,2,89.3,output\experiments\sidewalk_20260611_013714\annotated_frames\camera_01_frame_000029.jpg,"[{""x1"": 1032.83, ""y1"": 2.61, ""x2"": 1589.15, ""y2"": 1072.67, ""confidence"": 0.8809, ""class_id"": 0, ""class_name"": ""person""}, {""x1"": 622.04, ""y1"": 5.17, ""x2"": 1038.01, ""y2"": 997.4, ""confidence"": 0.6495, ""class_id"": 0, ""class_name"": ""person""}]"
sidewalk_20260611_013714,camera_01,data\video\sidewalk.mp4,30,2026-06-11T01:37:36,2026-06-11T01:37:37,1920,1080,3,89.43,output\experiments\sidewalk_20260611_013714\annotated_frames\camera_01_frame_000030.jpg,"[{""x1"": 1016.95, ""y1"": 4.38, ""x2"": 1504.86, ""y2"": 1071.51, ""confidence"": 0.8451, ""class_id"": 0, ""class_name"": ""person""}, {""x1"": 596.8, ""y1"": 3.45, ""x2"": 924.42, ""y2"": 1015.64, ""confidence"": 0.5349, ""class_id"": 0, ""class_name"": ""person""}, {""x1"": 596.69, ""y1"": 2.56, ""x2"": 1067.97, ""y2"": 1007.98, ""confidence"": 0.3628, ""class_id"": 0, ""class_name"": ""person""}]"
sidewalk_20260611_013714,camera_01,data\video\sidewalk.mp4,31,2026-06-11T01:37:37,2026-06-11T01:37:37,1920,1080,2,81.47,output\experiments\sidewalk_20260611_013714\annotated_frames\camera_01_frame_000031.jpg,"[{""x1"": 1008.97, ""y1"": 4.43, ""x2"": 1408.76, ""y2"": 1071.95, ""confidence"": 0.8356, ""class_id"": 0, ""class_name"": ""person""}, {""x1"": 481.85, ""y1"": 0.77, ""x2"": 895.38, ""y2"": 1002.41, ""confidence"": 0.775, ""class_id"": 0, ""class_name"": ""person""}]"
sidewalk_20260611_013714,camera_01,data\video\sidewalk.mp4,32,2026-06-11T01:37:37,2026-06-11T01:37:37,1920,1080,3,82.08,output\experiments\sidewalk_20260611_013714\annotated_frames\camera_01_frame_000032.jpg,"[{""x1"": 386.09, ""y1"": 3.38, ""x2"": 994.21, ""y2"": 1022.02, ""confidence"": 0.7886, ""class_id"": 0, ""class_name"": ""person""}, {""x1"": 965.68, ""y1"": 1.93, ""x2"": 1325.99, ""y2"": 1071.9, ""confidence"": 0.7584, ""class_id"": 0, ""class_name"": ""person""}, {""x1"": 766.76, ""y1"": 361.97, ""x2"": 854.41, ""y2"": 565.52, ""confidence"": 0.3269, ""class_id"": 0, ""class_name"": ""person""}]"
sidewalk_20260611_013714,camera_01,data\video\sidewalk.mp4,33,2026-06-11T01:37:37,2026-06-11T01:37:37,1920,1080,3,88.34,output\experiments\sidewalk_20260611_013714\annotated_frames\camera_01_frame_000033.jpg,"[{""x1"": 903.13, ""y1"": 2.44, ""x2"": 1280.54, ""y2"": 1071.82, ""confidence"": 0.8835, ""class_id"": 0, ""class_name"": ""person""}, {""x1"": 298.68, ""y1"": 5.67, ""x2"": 956.46, ""y2"": 1001.1, ""confidence"": 0.8011, ""class_id"": 0, ""class_name"": ""person""}, {""x1"": 693.76, ""y1"": 6.26, ""x2"": 954.28, ""y2"": 574.7, ""confidence"": 0.4064, ""class_id"": 0, ""class_name"": ""person""}]"
sidewalk_20260611_013714,camera_01,data\video\sidewalk.mp4,34,2026-06-11T01:37:37,2026-06-11T01:37:37,1920,1080,5,95.58,output\experiments\sidewalk_20260611_013714\annotated_frames\camera_01_frame_000034.jpg,"[{""x1"": 798.73, ""y1"": 1.76, ""x2"": 1269.48, ""y2"": 1070.34, ""confidence"": 0.88, ""class_id"": 0, ""class_name"": ""person""}, {""x1"": 233.2, ""y1"": 1.61, ""x2"": 869.77, ""y2"": 1005.72, ""confidence"": 0.8417, ""class_id"": 0, ""class_name"": ""person""}, {""x1"": 1266.91, ""y1"": 386.85, ""x2"": 1324.19, ""y2"": 556.07, ""confidence"": 0.5119, ""class_id"": 0, ""class_name"": ""person""}, {""x1"": 1229.25, ""y1"": 380.62, ""x2"": 1285.95, ""y2"": 562.51, ""confidence"": 0.4574, ""class_id"": 0, ""class_name"": ""person""}, {""x1"": 773.36, ""y1"": 395.58, ""x2"": 871.55, ""y2"": 572.73, ""confidence"": 0.4311, ""class_id"": 0, ""class_name"": ""person""}]"
sidewalk_20260611_013714,camera_01,data\video\sidewalk.mp4,35,2026-06-11T01:37:38,2026-06-11T01:37:38,1920,1080,5,79.75,output\experiments\sidewalk_20260611_013714\annotated_frames\camera_01_frame_000035.jpg,"[{""x1"": 650.1, ""y1"": 0.0, ""x2"": 1264.21, ""y2"": 1070.12, ""confidence"": 0.9047, ""class_id"": 0, ""class_name"": ""person""}, {""x1"": 178.07, ""y1"": 7.83, ""x2"": 905.85, ""y2"": 1014.97, ""confidence"": 0.8215, ""class_id"": 0, ""class_name"": ""person""}, {""x1"": 1234.92, ""y1"": 382.43, ""x2"": 1288.73, ""y2"": 564.64, ""confidence"": 0.6488, ""class_id"": 0, ""class_name"": ""person""}, {""x1"": 1270.42, ""y1"": 392.06, ""x2"": 1333.69, ""y2"": 557.29, ""confidence"": 0.5758, ""class_id"": 0, ""class_name"": ""person""}, {""x1"": 772.89, ""y1"": 386.4, ""x2"": 867.52, ""y2"": 568.9, ""confidence"": 0.4526, ""class_id"": 0, ""class_name"": ""person""}]"
sidewalk_20260611_013714,camera_01,data\video\sidewalk.mp4,36,2026-06-11T01:37:38,2026-06-11T01:37:38,1920,1080,5,82.47,output\experiments\sidewalk_20260611_013714\annotated_frames\camera_01_frame_000036.jpg,"[{""x1"": 547.67, ""y1"": 0.0, ""x2"": 1265.33, ""y2"": 1071.98, ""confidence"": 0.8996, ""class_id"": 0, ""class_name"": ""person""}, {""x1"": 137.55, ""y1"": 4.35, ""x2"": 863.77, ""y2"": 980.82, ""confidence"": 0.8814, ""class_id"": 0, ""class_name"": ""person""}, {""x1"": 1245.42, ""y1"": 383.99, ""x2"": 1337.51, ""y2"": 562.68, ""confidence"": 0.6228, ""class_id"": 0, ""class_name"": ""person""}, {""x1"": 1238.79, ""y1"": 378.26, ""x2"": 1289.85, ""y2"": 567.38, ""confidence"": 0.5946, ""class_id"": 0, ""class_name"": ""person""}, {""x1"": 777.25, ""y1"": 357.32, ""x2"": 861.74, ""y2"": 566.65, ""confidence"": 0.3538, ""class_id"": 0, ""class_name"": ""person""}]"
sidewalk_20260611_013714,camera_01,data\video\sidewalk.mp4,37,2026-06-11T01:37:38,2026-06-11T01:37:38,1920,1080,5,71.12,output\experiments\sidewalk_20260611_013714\annotated_frames\camera_01_frame_000037.jpg,"[{""x1"": 504.1, ""y1"": 0.81, ""x2"": 1269.32, ""y2"": 1076.76, ""confidence"": 0.8592, ""class_id"": 0, ""class_name"": ""person""}, {""x1"": 98.87, ""y1"": 2.14, ""x2"": 818.92, ""y2"": 992.76, ""confidence"": 0.8223, ""class_id"": 0, ""class_name"": ""person""}, {""x1"": 1239.66, ""y1"": 377.7, ""x2"": 1291.76, ""y2"": 567.22, ""confidence"": 0.6256, ""class_id"": 0, ""class_name"": ""person""}, {""x1"": 1261.32, ""y1"": 383.34, ""x2"": 1339.67, ""y2"": 559.27, ""confidence"": 0.5969, ""class_id"": 0, ""class_name"": ""person""}, {""x1"": 615.05, ""y1"": 438.57, ""x2"": 708.19, ""y2"": 613.62, ""confidence"": 0.2908, ""class_id"": 0, ""class_name"": ""person""}]"
sidewalk_20260611_013714,camera_01,data\video\sidewalk.mp4,38,2026-06-11T01:37:38,2026-06-11T01:37:38,1920,1080,5,67.87,output\experiments\sidewalk_20260611_013714\annotated_frames\camera_01_frame_000038.jpg,"[{""x1"": 454.81, ""y1"": 1.1, ""x2"": 1270.24, ""y2"": 1072.39, ""confidence"": 0.9125, ""class_id"": 0, ""class_name"": ""person""}, {""x1"": 80.57, ""y1"": 3.13, ""x2"": 769.66, ""y2"": 987.83, ""confidence"": 0.8202, ""class_id"": 0, ""class_name"": ""person""}, {""x1"": 1240.38, ""y1"": 381.55, ""x2"": 1294.44, ""y2"": 568.15, ""confidence"": 0.6152, ""class_id"": 0, ""class_name"": ""person""}, {""x1"": 1277.26, ""y1"": 389.51, ""x2"": 1343.81, ""y2"": 562.73, ""confidence"": 0.5266, ""class_id"": 0, ""class_name"": ""person""}, {""x1"": 622.11, ""y1"": 398.5, ""x2"": 721.27, ""y2"": 612.32, ""confidence"": 0.3711, ""class_id"": 0, ""class_name"": ""person""}]"
sidewalk_20260611_013714,camera_01,data\video\sidewalk.mp4,39,2026-06-11T01:37:38,2026-06-11T01:37:39,1920,1080,6,79.35,output\experiments\sidewalk_20260611_013714\annotated_frames\camera_01_frame_000039.jpg,"[{""x1"": 417.03, ""y1"": 0.0, ""x2"": 1269.21, ""y2"": 1077.81, ""confidence"": 0.898, ""class_id"": 0, ""class_name"": ""person""}, {""x1"": 38.59, ""y1"": 5.92, ""x2"": 744.73, ""y2"": 1005.89, ""confidence"": 0.8642, ""class_id"": 0, ""class_name"": ""person""}, {""x1"": 1243.17, ""y1"": 389.39, ""x2"": 1298.54, ""y2"": 563.3, ""confidence"": 0.6217, ""class_id"": 0, ""class_name"": ""person""}, {""x1"": 1283.56, ""y1"": 395.57, ""x2"": 1347.38, ""y2"": 564.26, ""confidence"": 0.5781, ""class_id"": 0, ""class_name"": ""person""}, {""x1"": 555.18, ""y1"": 436.11, ""x2"": 633.81, ""y2"": 579.83, ""confidence"": 0.4645, ""class_id"": 0, ""class_name"": ""person""}, {""x1"": 560.7, ""y1"": 464.19, ""x2"": 631.11, ""y2"": 574.27, ""confidence"": 0.2752, ""class_id"": 0, ""class_name"": ""person""}]"
sidewalk_20260611_013714,camera_01,data\video\sidewalk.mp4,40,2026-06-11T01:37:39,2026-06-11T01:37:39,1920,1080,5,86.92,output\experiments\sidewalk_20260611_013714\annotated_frames\camera_01_frame_000040.jpg,"[{""x1"": 406.59, ""y1"": 0.0, ""x2"": 1257.32, ""y2"": 1074.68, ""confidence"": 0.8641, ""class_id"": 0, ""class_name"": ""person""}, {""x1"": 29.72, ""y1"": 3.57, ""x2"": 794.75, ""y2"": 986.39, ""confidence"": 0.7604, ""class_id"": 0, ""class_name"": ""person""}, {""x1"": 1243.61, ""y1"": 392.65, ""x2"": 1310.51, ""y2"": 562.48, ""confidence"": 0.6596, ""class_id"": 0, ""class_name"": ""person""}, {""x1"": 1291.59, ""y1"": 394.4, ""x2"": 1346.79, ""y2"": 562.9, ""confidence"": 0.5817, ""class_id"": 0, ""class_name"": ""person""}, {""x1"": 554.42, ""y1"": 405.1, ""x2"": 630.84, ""y2"": 574.62, ""confidence"": 0.5369, ""class_id"": 0, ""class_name"": ""person""}]"
sidewalk_20260611_013714,camera_01,data\video\sidewalk.mp4,41,2026-06-11T01:37:39,2026-06-11T01:37:39,1920,1080,4,78.44,output\experiments\sidewalk_20260611_013714\annotated_frames\camera_01_frame_000041.jpg,"[{""x1"": 397.11, ""y1"": 4.3, ""x2"": 1185.15, ""y2"": 1078.08, ""confidence"": 0.8853, ""class_id"": 0, ""class_name"": ""person""}, {""x1"": 18.41, ""y1"": 2.64, ""x2"": 758.12, ""y2"": 986.94, ""confidence"": 0.8578, ""class_id"": 0, ""class_name"": ""person""}, {""x1"": 1244.63, ""y1"": 395.22, ""x2"": 1315.18, ""y2"": 559.98, ""confidence"": 0.6409, ""class_id"": 0, ""class_name"": ""person""}, {""x1"": 1298.1, ""y1"": 410.36, ""x2"": 1352.18, ""y2"": 561.99, ""confidence"": 0.528, ""class_id"": 0, ""class_name"": ""person""}]"
sidewalk_20260611_013714,camera_01,data\video\sidewalk.mp4,42,2026-06-11T01:37:39,2026-06-11T01:37:39,1920,1080,5,82.95,output\experiments\sidewalk_20260611_013714\annotated_frames\camera_01_frame_000042.jpg,"[{""x1"": 392.12, ""y1"": 3.03, ""x2"": 1110.42, ""y2"": 1074.74, ""confidence"": 0.8642, ""class_id"": 0, ""class_name"": ""person""}, {""x1"": 26.55, ""y1"": 3.77, ""x2"": 573.45, ""y2"": 988.6, ""confidence"": 0.8112, ""class_id"": 0, ""class_name"": ""person""}, {""x1"": 1243.63, ""y1"": 387.94, ""x2"": 1322.42, ""y2"": 561.26, ""confidence"": 0.6285, ""class_id"": 0, ""class_name"": ""person""}, {""x1"": 1303.04, ""y1"": 396.6, ""x2"": 1354.43, ""y2"": 561.18, ""confidence"": 0.5909, ""class_id"": 0, ""class_name"": ""person""}, {""x1"": 845.54, ""y1"": 353.76, ""x2"": 891.14, ""y2"": 604.1, ""confidence"": 0.3303, ""class_id"": 0, ""class_name"": ""person""}]"
sidewalk_20260611_013714,camera_01,data\video\sidewalk.mp4,43,2026-06-11T01:37:39,2026-06-11T01:37:39,1920,1080,5,78.64,output\experiments\sidewalk_20260611_013714\annotated_frames\camera_01_frame_000043.jpg,"[{""x1"": 385.8, ""y1"": 3.55, ""x2"": 1016.68, ""y2"": 1073.06, ""confidence"": 0.8865, ""class_id"": 0, ""class_name"": ""person""}, {""x1"": 827.99, ""y1"": 350.28, ""x2"": 894.46, ""y2"": 573.32, ""confidence"": 0.8052, ""class_id"": 0, ""class_name"": ""person""}, {""x1"": 49.23, ""y1"": 3.98, ""x2"": 521.08, ""y2"": 986.61, ""confidence"": 0.7613, ""class_id"": 0, ""class_name"": ""person""}, {""x1"": 1242.62, ""y1"": 387.55, ""x2"": 1321.84, ""y2"": 562.51, ""confidence"": 0.6437, ""class_id"": 0, ""class_name"": ""person""}, {""x1"": 1309.41, ""y1"": 401.87, ""x2"": 1357.07, ""y2"": 563.88, ""confidence"": 0.6089, ""class_id"": 0, ""class_name"": ""person""}]"
sidewalk_20260611_013714,camera_01,data\video\sidewalk.mp4,44,2026-06-11T01:37:40,2026-06-11T01:37:40,1920,1080,5,71.74,output\experiments\sidewalk_20260611_013714\annotated_frames\camera_01_frame_000044.jpg,"[{""x1"": 390.58, ""y1"": 0.86, ""x2"": 920.49, ""y2"": 1074.73, ""confidence"": 0.8899, ""class_id"": 0, ""class_name"": ""person""}, {""x1"": 834.8, ""y1"": 351.26, ""x2"": 902.64, ""y2"": 574.13, ""confidence"": 0.7348, ""class_id"": 0, ""class_name"": ""person""}, {""x1"": 36.9, ""y1"": 2.87, ""x2"": 376.58, ""y2"": 986.12, ""confidence"": 0.6624, ""class_id"": 0, ""class_name"": ""person""}, {""x1"": 1312.1, ""y1"": 406.14, ""x2"": 1359.3, ""y2"": 563.49, ""confidence"": 0.619, ""class_id"": 0, ""class_name"": ""person""}, {""x1"": 1244.11, ""y1"": 387.47, ""x2"": 1323.27, ""y2"": 561.41, ""confidence"": 0.6041, ""class_id"": 0, ""class_name"": ""person""}]"
sidewalk_20260611_013714,camera_01,data\video\sidewalk.mp4,45,2026-06-11T01:37:40,2026-06-11T01:37:40,1920,1080,6,83.1,output\experiments\sidewalk_20260611_013714\annotated_frames\camera_01_frame_000045.jpg,"[{""x1"": 394.88, ""y1"": 2.73, ""x2"": 801.61, ""y2"": 1076.3, ""confidence"": 0.8734, ""class_id"": 0, ""class_name"": ""person""}, {""x1"": 835.18, ""y1"": 351.76, ""x2"": 907.33, ""y2"": 561.47, ""confidence"": 0.7436, ""class_id"": 0, ""class_name"": ""person""}, {""x1"": 0.96, ""y1"": 0.95, ""x2"": 416.23, ""y2"": 985.02, ""confidence"": 0.6246, ""class_id"": 0, ""class_name"": ""person""}, {""x1"": 1249.21, ""y1"": 391.42, ""x2"": 1349.75, ""y2"": 562.22, ""confidence"": 0.5632, ""class_id"": 0, ""class_name"": ""person""}, {""x1"": 1317.39, ""y1"": 405.12, ""x2"": 1359.08, ""y2"": 563.87, ""confidence"": 0.4768, ""class_id"": 0, ""class_name"": ""person""}, {""x1"": 1277.47, ""y1"": 392.82, ""x2"": 1333.84, ""y2"": 560.65, ""confidence"": 0.4511, ""class_id"": 0, ""class_name"": ""person""}]"
sidewalk_20260611_013714,camera_01,data\video\sidewalk.mp4,46,2026-06-11T01:37:40,2026-06-11T01:37:40,1920,1080,6,74.77,output\experiments\sidewalk_20260611_013714\annotated_frames\camera_01_frame_000046.jpg,"[{""x1"": 838.77, ""y1"": 352.13, ""x2"": 916.12, ""y2"": 569.27, ""confidence"": 0.7864, ""class_id"": 0, ""class_name"": ""person""}, {""x1"": 0.22, ""y1"": 5.81, ""x2"": 350.45, ""y2"": 978.54, ""confidence"": 0.7699, ""class_id"": 0, ""class_name"": ""person""}, {""x1"": 358.52, ""y1"": 2.13, ""x2"": 690.12, ""y2"": 1068.66, ""confidence"": 0.6734, ""class_id"": 0, ""class_name"": ""person""}, {""x1"": 1258.07, ""y1"": 388.73, ""x2"": 1349.73, ""y2"": 564.04, ""confidence"": 0.6665, ""class_id"": 0, ""class_name"": ""person""}, {""x1"": 1321.92, ""y1"": 407.23, ""x2"": 1369.62, ""y2"": 558.31, ""confidence"": 0.3496, ""class_id"": 0, ""class_name"": ""person""}, {""x1"": 1276.18, ""y1"": 391.25, ""x2"": 1342.28, ""y2"": 557.44, ""confidence"": 0.3476, ""class_id"": 0, ""class_name"": ""person""}]"
sidewalk_20260611_013714,camera_01,data\video\sidewalk.mp4,47,2026-06-11T01:37:40,2026-06-11T01:37:40,1920,1080,8,75.58,output\experiments\sidewalk_20260611_013714\annotated_frames\camera_01_frame_000047.jpg,"[{""x1"": 840.38, ""y1"": 355.06, ""x2"": 921.73, ""y2"": 574.19, ""confidence"": 0.8316, ""class_id"": 0, ""class_name"": ""person""}, {""x1"": 0.17, ""y1"": 6.84, ""x2"": 347.32, ""y2"": 979.42, ""confidence"": 0.8271, ""class_id"": 0, ""class_name"": ""person""}, {""x1"": 198.62, ""y1"": 1.16, ""x2"": 647.89, ""y2"": 1068.65, ""confidence"": 0.683, ""class_id"": 0, ""class_name"": ""person""}, {""x1"": 653.21, ""y1"": 356.94, ""x2"": 707.66, ""y2"": 593.43, ""confidence"": 0.5154, ""class_id"": 0, ""class_name"": ""person""}, {""x1"": 1295.38, ""y1"": 389.09, ""x2"": 1342.47, ""y2"": 561.95, ""confidence"": 0.5062, ""class_id"": 0, ""class_name"": ""person""}, {""x1"": 1319.55, ""y1"": 395.84, ""x2"": 1374.74, ""y2"": 559.61, ""confidence"": 0.4378, ""class_id"": 0, ""class_name"": ""person""}, {""x1"": 1297.14, ""y1"": 384.49, ""x2"": 1366.43, ""y2"": 566.57, ""confidence"": 0.3918, ""class_id"": 0, ""class_name"": ""person""}, {""x1"": 1267.52, ""y1"": 387.76, ""x2"": 1335.38, ""y2"": 561.57, ""confidence"": 0.2786, ""class_id"": 0, ""class_name"": ""person""}]"
sidewalk_20260611_013714,camera_01,data\video\sidewalk.mp4,48,2026-06-11T01:37:40,2026-06-11T01:37:40,1920,1080,7,76.33,output\experiments\sidewalk_20260611_013714\annotated_frames\camera_01_frame_000048.jpg,"[{""x1"": 142.85, ""y1"": 4.05, ""x2"": 631.22, ""y2"": 1075.78, ""confidence"": 0.8631, ""class_id"": 0, ""class_name"": ""person""}, {""x1"": 841.33, ""y1"": 356.15, ""x2"": 926.27, ""y2"": 574.04, ""confidence"": 0.8601, ""class_id"": 0, ""class_name"": ""person""}, {""x1"": 1293.45, ""y1"": 389.85, ""x2"": 1344.88, ""y2"": 559.65, ""confidence"": 0.5381, ""class_id"": 0, ""class_name"": ""person""}, {""x1"": 637.62, ""y1"": 353.18, ""x2"": 709.37, ""y2"": 614.73, ""confidence"": 0.5165, ""class_id"": 0, ""class_name"": ""person""}, {""x1"": 1297.15, ""y1"": 388.51, ""x2"": 1370.17, ""y2"": 564.22, ""confidence"": 0.4313, ""class_id"": 0, ""class_name"": ""person""}, {""x1"": 0.0, ""y1"": 12.5, ""x2"": 260.82, ""y2"": 879.01, ""confidence"": 0.4086, ""class_id"": 0, ""class_name"": ""person""}, {""x1"": 1329.84, ""y1"": 412.6, ""x2"": 1378.22, ""y2"": 561.54, ""confidence"": 0.3, ""class_id"": 0, ""class_name"": ""person""}]"
sidewalk_20260611_013714,camera_01,data\video\sidewalk.mp4,49,2026-06-11T01:37:41,2026-06-11T01:37:41,1920,1080,8,80.67,output\experiments\sidewalk_20260611_013714\annotated_frames\camera_01_frame_000049.jpg,"[{""x1"": 846.9, ""y1"": 355.9, ""x2"": 938.54, ""y2"": 573.33, ""confidence"": 0.8452, ""class_id"": 0, ""class_name"": ""person""}, {""x1"": 68.79, ""y1"": 0.94, ""x2"": 628.14, ""y2"": 1071.8, ""confidence"": 0.8171, ""class_id"": 0, ""class_name"": ""person""}, {""x1"": 619.15, ""y1"": 352.64, ""x2"": 706.89, ""y2"": 612.79, ""confidence"": 0.6607, ""class_id"": 0, ""class_name"": ""person""}, {""x1"": 1304.02, ""y1"": 391.96, ""x2"": 1346.0, ""y2"": 559.39, ""confidence"": 0.5961, ""class_id"": 0, ""class_name"": ""person""}, {""x1"": 1334.1, ""y1"": 401.34, ""x2"": 1382.76, ""y2"": 560.59, ""confidence"": 0.5795, ""class_id"": 0, ""class_name"": ""person""}, {""x1"": 0.0, ""y1"": 5.38, ""x2"": 181.68, ""y2"": 717.94, ""confidence"": 0.5601, ""class_id"": 0, ""class_name"": ""person""}, {""x1"": 1299.95, ""y1"": 393.8, ""x2"": 1366.17, ""y2"": 561.89, ""confidence"": 0.394, ""class_id"": 0, ""class_name"": ""person""}, {""x1"": 1310.62, ""y1"": 389.54, ""x2"": 1383.82, ""y2"": 557.97, ""confidence"": 0.3651, ""class_id"": 0, ""class_name"": ""person""}]"
sidewalk_20260611_013714,camera_01,data\video\sidewalk.mp4,50,2026-06-11T01:37:41,2026-06-11T01:37:41,1920,1080,7,71.2,output\experiments\sidewalk_20260611_013714\annotated_frames\camera_01_frame_000050.jpg,"[{""x1"": 5.82, ""y1"": 3.12, ""x2"": 627.71, ""y2"": 1076.02, ""confidence"": 0.8932, ""class_id"": 0, ""class_name"": ""person""}, {""x1"": 850.14, ""y1"": 357.6, ""x2"": 945.36, ""y2"": 574.98, ""confidence"": 0.8507, ""class_id"": 0, ""class_name"": ""person""}, {""x1"": 615.09, ""y1"": 353.47, ""x2"": 708.71, ""y2"": 610.76, ""confidence"": 0.6969, ""class_id"": 0, ""class_name"": ""person""}, {""x1"": 1308.58, ""y1"": 390.98, ""x2"": 1355.27, ""y2"": 561.1, ""confidence"": 0.665, ""class_id"": 0, ""class_name"": ""person""}, {""x1"": 1333.1, ""y1"": 390.52, ""x2"": 1383.52, ""y2"": 562.78, ""confidence"": 0.618, ""class_id"": 0, ""class_name"": ""person""}, {""x1"": 1313.03, ""y1"": 388.5, ""x2"": 1385.85, ""y2"": 555.97, ""confidence"": 0.329, ""class_id"": 0, ""class_name"": ""person""}, {""x1"": 0.12, ""y1"": 6.44, ""x2"": 285.47, ""y2"": 992.49, ""confidence"": 0.2612, ""class_id"": 0, ""class_name"": ""person""}]"
sidewalk_20260611_013714,camera_01,data\video\sidewalk.mp4,51,2026-06-11T01:37:41,2026-06-11T01:37:41,1920,1080,5,86.77,output\experiments\sidewalk_20260611_013714\annotated_frames\camera_01_frame_000051.jpg,"[{""x1"": 0.0, ""y1"": 0.42, ""x2"": 628.82, ""y2"": 1080.0, ""confidence"": 0.8902, ""class_id"": 0, ""class_name"": ""person""}, {""x1"": 850.56, ""y1"": 356.14, ""x2"": 953.46, ""y2"": 573.29, ""confidence"": 0.8525, ""class_id"": 0, ""class_name"": ""person""}, {""x1"": 618.6, ""y1"": 349.29, ""x2"": 712.75, ""y2"": 612.93, ""confidence"": 0.7393, ""class_id"": 0, ""class_name"": ""person""}, {""x1"": 1315.2, ""y1"": 389.09, ""x2"": 1386.84, ""y2"": 507.52, ""confidence"": 0.6899, ""class_id"": 0, ""class_name"": ""person""}, {""x1"": 0.0, ""y1"": 4.87, ""x2"": 278.42, ""y2"": 1073.91, ""confidence"": 0.4949, ""class_id"": 0, ""class_name"": ""person""}]"
sidewalk_20260611_013714,camera_01,data\video\sidewalk.mp4,52,2026-06-11T01:37:41,2026-06-11T01:37:41,1920,1080,5,81.98,output\experiments\sidewalk_20260611_013714\annotated_frames\camera_01_frame_000052.jpg,"[{""x1"": 0.17, ""y1"": 1.1, ""x2"": 626.18, ""y2"": 1080.0, ""confidence"": 0.9439, ""class_id"": 0, ""class_name"": ""person""}, {""x1"": 852.79, ""y1"": 358.23, ""x2"": 955.66, ""y2"": 572.7, ""confidence"": 0.8479, ""class_id"": 0, ""class_name"": ""person""}, {""x1"": 622.44, ""y1"": 353.48, ""x2"": 710.45, ""y2"": 612.76, ""confidence"": 0.7273, ""class_id"": 0, ""class_name"": ""person""}, {""x1"": 1317.63, ""y1"": 388.35, ""x2"": 1374.63, ""y2"": 480.84, ""confidence"": 0.4678, ""class_id"": 0, ""class_name"": ""person""}, {""x1"": 526.36, ""y1"": 359.41, ""x2"": 578.35, ""y2"": 536.83, ""confidence"": 0.3001, ""class_id"": 0, ""class_name"": ""person""}]"
sidewalk_20260611_013714,camera_01,data\video\sidewalk.mp4,53,2026-06-11T01:37:41,2026-06-11T01:37:42,1920,1080,5,82.87,output\experiments\sidewalk_20260611_013714\annotated_frames\camera_01_frame_000053.jpg,"[{""x1"": 0.0, ""y1"": 0.17, ""x2"": 620.57, ""y2"": 1077.03, ""confidence"": 0.9282, ""class_id"": 0, ""class_name"": ""person""}, {""x1"": 856.72, ""y1"": 357.76, ""x2"": 959.59, ""y2"": 571.12, ""confidence"": 0.8401, ""class_id"": 0, ""class_name"": ""person""}, {""x1"": 625.02, ""y1"": 355.76, ""x2"": 709.85, ""y2"": 612.17, ""confidence"": 0.7322, ""class_id"": 0, ""class_name"": ""person""}, {""x1"": 527.38, ""y1"": 340.62, ""x2"": 586.34, ""y2"": 560.28, ""confidence"": 0.4176, ""class_id"": 0, ""class_name"": ""person""}, {""x1"": 1322.43, ""y1"": 388.5, ""x2"": 1372.39, ""y2"": 459.05, ""confidence"": 0.3486, ""class_id"": 0, ""class_name"": ""person""}]"
sidewalk_20260611_013714,camera_01,data\video\sidewalk.mp4,54,2026-06-11T01:37:42,2026-06-11T01:37:42,1920,1080,5,81.5,output\experiments\sidewalk_20260611_013714\annotated_frames\camera_01_frame_000054.jpg,"[{""x1"": 0.55, ""y1"": 2.69, ""x2"": 601.72, ""y2"": 1071.91, ""confidence"": 0.9262, ""class_id"": 0, ""class_name"": ""person""}, {""x1"": 861.73, ""y1"": 354.79, ""x2"": 960.72, ""y2"": 569.24, ""confidence"": 0.8328, ""class_id"": 0, ""class_name"": ""person""}, {""x1"": 626.8, ""y1"": 355.19, ""x2"": 709.6, ""y2"": 611.75, ""confidence"": 0.736, ""class_id"": 0, ""class_name"": ""person""}, {""x1"": 1328.29, ""y1"": 384.4, ""x2"": 1392.46, ""y2"": 443.9, ""confidence"": 0.3928, ""class_id"": 0, ""class_name"": ""person""}, {""x1"": 539.17, ""y1"": 337.62, ""x2"": 594.73, ""y2"": 541.76, ""confidence"": 0.3347, ""class_id"": 0, ""class_name"": ""person""}]"
sidewalk_20260611_013714,camera_01,data\video\sidewalk.mp4,55,2026-06-11T01:37:42,2026-06-11T01:37:42,1920,1080,6,73.0,output\experiments\sidewalk_20260611_013714\annotated_frames\camera_01_frame_000055.jpg,"[{""x1"": 0.51, ""y1"": 1.23, ""x2"": 556.22, ""y2"": 1080.0, ""confidence"": 0.935, ""class_id"": 0, ""class_name"": ""person""}, {""x1"": 866.12, ""y1"": 354.6, ""x2"": 962.82, ""y2"": 569.15, ""confidence"": 0.8206, ""class_id"": 0, ""class_name"": ""person""}, {""x1"": 628.57, ""y1"": 358.74, ""x2"": 709.69, ""y2"": 610.3, ""confidence"": 0.7704, ""class_id"": 0, ""class_name"": ""person""}, {""x1"": 541.16, ""y1"": 360.01, ""x2"": 597.71, ""y2"": 545.89, ""confidence"": 0.6036, ""class_id"": 0, ""class_name"": ""person""}, {""x1"": 1687.93, ""y1"": 356.53, ""x2"": 1797.71, ""y2"": 449.66, ""confidence"": 0.4624, ""class_id"": 0, ""class_name"": ""person""}, {""x1"": 1334.12, ""y1"": 383.62, ""x2"": 1400.51, ""y2"": 436.88, ""confidence"": 0.3432, ""class_id"": 0, ""class_name"": ""person""}]"
sidewalk_20260611_013714,camera_01,data\video\sidewalk.mp4,56,2026-06-11T01:37:42,2026-06-11T01:37:42,1920,1080,5,78.15,output\experiments\sidewalk_20260611_013714\annotated_frames\camera_01_frame_000056.jpg,"[{""x1"": 0.37, ""y1"": 4.8, ""x2"": 478.06, ""y2"": 1074.0, ""confidence"": 0.8935, ""class_id"": 0, ""class_name"": ""person""}, {""x1"": 867.94, ""y1"": 354.5, ""x2"": 964.78, ""y2"": 569.38, ""confidence"": 0.8044, ""class_id"": 0, ""class_name"": ""person""}, {""x1"": 630.07, ""y1"": 356.19, ""x2"": 709.87, ""y2"": 610.47, ""confidence"": 0.7636, ""class_id"": 0, ""class_name"": ""person""}, {""x1"": 542.95, ""y1"": 358.07, ""x2"": 609.75, ""y2"": 547.39, ""confidence"": 0.6937, ""class_id"": 0, ""class_name"": ""person""}, {""x1"": 1637.38, ""y1"": 350.37, ""x2"": 1752.93, ""y2"": 450.53, ""confidence"": 0.4311, ""class_id"": 0, ""class_name"": ""person""}]"
sidewalk_20260611_013714,camera_01,data\video\sidewalk.mp4,57,2026-06-11T01:37:42,2026-06-11T01:37:42,1920,1080,5,80.13,output\experiments\sidewalk_20260611_013714\annotated_frames\camera_01_frame_000057.jpg,"[{""x1"": 0.0, ""y1"": 0.0, ""x2"": 396.7, ""y2"": 1053.78, ""confidence"": 0.8745, ""class_id"": 0, ""class_name"": ""person""}, {""x1"": 876.09, ""y1"": 353.58, ""x2"": 970.88, ""y2"": 567.44, ""confidence"": 0.7913, ""class_id"": 0, ""class_name"": ""person""}, {""x1"": 632.07, ""y1"": 354.92, ""x2"": 711.71, ""y2"": 609.61, ""confidence"": 0.7815, ""class_id"": 0, ""class_name"": ""person""}, {""x1"": 543.37, ""y1"": 353.14, ""x2"": 632.07, ""y2"": 554.53, ""confidence"": 0.6282, ""class_id"": 0, ""class_name"": ""person""}, {""x1"": 1585.11, ""y1"": 347.16, ""x2"": 1690.69, ""y2"": 448.43, ""confidence"": 0.2651, ""class_id"": 0, ""class_name"": ""person""}]"
sidewalk_20260611_013714,camera_01,data\video\sidewalk.mp4,58,2026-06-11T01:37:43,2026-06-11T01:37:43,1920,1080,5,74.22,output\experiments\sidewalk_20260611_013714\annotated_frames\camera_01_frame_000058.jpg,"[{""x1"": 0.0, ""y1"": 5.28, ""x2"": 301.43, ""y2"": 1010.36, ""confidence"": 0.8084, ""class_id"": 0, ""class_name"": ""person""}, {""x1"": 884.35, ""y1"": 353.38, ""x2"": 972.34, ""y2"": 569.47, ""confidence"": 0.7736, ""class_id"": 0, ""class_name"": ""person""}, {""x1"": 632.31, ""y1"": 353.8, ""x2"": 722.52, ""y2"": 609.22, ""confidence"": 0.7508, ""class_id"": 0, ""class_name"": ""person""}, {""x1"": 536.52, ""y1"": 349.65, ""x2"": 634.86, ""y2"": 549.84, ""confidence"": 0.5368, ""class_id"": 0, ""class_name"": ""person""}, {""x1"": 1538.17, ""y1"": 355.01, ""x2"": 1644.45, ""y2"": 447.43, ""confidence"": 0.2786, ""class_id"": 0, ""class_name"": ""person""}]"
sidewalk_20260611_013714,camera_01,data\video\sidewalk.mp4,59,2026-06-11T01:37:43,2026-06-11T01:37:43,1920,1080,7,71.62,output\experiments\sidewalk_20260611_013714\annotated_frames\camera_01_frame_000059.jpg,"[{""x1"": 633.34, ""y1"": 352.97, ""x2"": 732.16, ""y2"": 609.52, ""confidence"": 0.7338, ""class_id"": 0, ""class_name"": ""person""}, {""x1"": 0.45, ""y1"": 0.0, ""x2"": 197.55, ""y2"": 1030.86, ""confidence"": 0.7288, ""class_id"": 0, ""class_name"": ""person""}, {""x1"": 548.71, ""y1"": 361.1, ""x2"": 636.5, ""y2"": 548.37, ""confidence"": 0.5723, ""class_id"": 0, ""class_name"": ""person""}, {""x1"": 902.5, ""y1"": 349.34, ""x2"": 979.59, ""y2"": 546.08, ""confidence"": 0.5398, ""class_id"": 0, ""class_name"": ""person""}, {""x1"": 1481.86, ""y1"": 358.41, ""x2"": 1585.05, ""y2"": 444.66, ""confidence"": 0.4857, ""class_id"": 0, ""class_name"": ""person""}, {""x1"": 912.22, ""y1"": 351.6, ""x2"": 977.49, ""y2"": 501.32, ""confidence"": 0.4799, ""class_id"": 0, ""class_name"": ""person""}, {""x1"": 0.0, ""y1"": 5.97, ""x2"": 164.45, ""y2"": 781.47, ""confidence"": 0.462, ""class_id"": 0, ""class_name"": ""person""}]"
sidewalk_20260611_013714,camera_01,data\video\sidewalk.mp4,60,2026-06-11T01:37:43,2026-06-11T01:37:43,1920,1080,8,70.89,output\experiments\sidewalk_20260611_013714\annotated_frames\camera_01_frame_000060.jpg,"[{""x1"": 629.39, ""y1"": 353.91, ""x2"": 727.91, ""y2"": 610.26, ""confidence"": 0.7804, ""class_id"": 0, ""class_name"": ""person""}, {""x1"": 912.76, ""y1"": 350.9, ""x2"": 981.46, ""y2"": 475.02, ""confidence"": 0.6578, ""class_id"": 0, ""class_name"": ""person""}, {""x1"": 545.1, ""y1"": 370.5, ""x2"": 639.07, ""y2"": 551.7, ""confidence"": 0.5715, ""class_id"": 0, ""class_name"": ""person""}, {""x1"": 0.0, ""y1"": 4.59, ""x2"": 129.09, ""y2"": 593.87, ""confidence"": 0.463, ""class_id"": 0, ""class_name"": ""person""}, {""x1"": 0.0, ""y1"": 1.96, ""x2"": 130.19, ""y2"": 1056.16, ""confidence"": 0.4565, ""class_id"": 0, ""class_name"": ""person""}, {""x1"": 1347.3, ""y1"": 368.92, ""x2"": 1421.12, ""y2"": 447.44, ""confidence"": 0.3767, ""class_id"": 0, ""class_name"": ""person""}, {""x1"": 1434.36, ""y1"": 355.74, ""x2"": 1535.18, ""y2"": 442.45, ""confidence"": 0.3747, ""class_id"": 0, ""class_name"": ""person""}, {""x1"": 0.0, ""y1"": 0.0, ""x2"": 78.54, ""y2"": 1065.67, ""confidence"": 0.2827, ""class_id"": 0, ""class_name"": ""person""}]"
sidewalk_20260611_013714,camera_01,data\video\sidewalk.mp4,61,2026-06-11T01:37:43,2026-06-11T01:37:43,1920,1080,8,67.55,output\experiments\sidewalk_20260611_013714\annotated_frames\camera_01_frame_000061.jpg,"[{""x1"": 630.07, ""y1"": 354.73, ""x2"": 726.39, ""y2"": 610.39, ""confidence"": 0.8235, ""class_id"": 0, ""class_name"": ""person""}, {""x1"": 922.58, ""y1"": 351.39, ""x2"": 986.77, ""y2"": 454.72, ""confidence"": 0.6986, ""class_id"": 0, ""class_name"": ""person""}, {""x1"": 1356.36, ""y1"": 344.38, ""x2"": 1472.9, ""y2"": 442.18, ""confidence"": 0.4369, ""class_id"": 0, ""class_name"": ""person""}, {""x1"": 1355.91, ""y1"": 346.23, ""x2"": 1435.71, ""y2"": 442.0, ""confidence"": 0.3501, ""class_id"": 0, ""class_name"": ""person""}, {""x1"": 582.83, ""y1"": 365.75, ""x2"": 642.67, ""y2"": 543.55, ""confidence"": 0.3465, ""class_id"": 0, ""class_name"": ""person""}, {""x1"": 0.1, ""y1"": 3.99, ""x2"": 103.8, ""y2"": 519.86, ""confidence"": 0.327, ""class_id"": 0, ""class_name"": ""person""}, {""x1"": 0.0, ""y1"": 4.15, ""x2"": 105.53, ""y2"": 1012.71, ""confidence"": 0.3083, ""class_id"": 0, ""class_name"": ""person""}, {""x1"": 564.2, ""y1"": 360.91, ""x2"": 647.8, ""y2"": 548.57, ""confidence"": 0.2626, ""class_id"": 0, ""class_name"": ""person""}]"
sidewalk_20260611_013714,camera_01,data\video\sidewalk.mp4,62,2026-06-11T01:37:43,2026-06-11T01:37:44,1920,1080,3,89.32,output\experiments\sidewalk_20260611_013714\annotated_frames\camera_01_frame_000062.jpg,"[{""x1"": 629.47, ""y1"": 355.54, ""x2"": 727.03, ""y2"": 610.3, ""confidence"": 0.8262, ""class_id"": 0, ""class_name"": ""person""}, {""x1"": 928.18, ""y1"": 351.71, ""x2"": 987.49, ""y2"": 442.07, ""confidence"": 0.7019, ""class_id"": 0, ""class_name"": ""person""}, {""x1"": 599.22, ""y1"": 368.77, ""x2"": 644.95, ""y2"": 520.02, ""confidence"": 0.3151, ""class_id"": 0, ""class_name"": ""person""}]"
sidewalk_20260611_013714,camera_01,data\video\sidewalk.mp4,63,2026-06-11T01:37:44,2026-06-11T01:37:44,1920,1080,3,104.59,output\experiments\sidewalk_20260611_013714\annotated_frames\camera_01_frame_000063.jpg,"[{""x1"": 627.48, ""y1"": 355.89, ""x2"": 725.54, ""y2"": 611.91, ""confidence"": 0.7097, ""class_id"": 0, ""class_name"": ""person""}, {""x1"": 930.48, ""y1"": 350.49, ""x2"": 987.53, ""y2"": 433.0, ""confidence"": 0.6936, ""class_id"": 0, ""class_name"": ""person""}, {""x1"": 708.12, ""y1"": 335.0, ""x2"": 745.15, ""y2"": 482.79, ""confidence"": 0.294, ""class_id"": 0, ""class_name"": ""person""}]"
sidewalk_20260611_013714,camera_01,data\video\sidewalk.mp4,64,2026-06-11T01:37:44,2026-06-11T01:37:44,1920,1080,2,90.17,output\experiments\sidewalk_20260611_013714\annotated_frames\camera_01_frame_000064.jpg,"[{""x1"": 625.92, ""y1"": 358.44, ""x2"": 714.21, ""y2"": 609.16, ""confidence"": 0.6902, ""class_id"": 0, ""class_name"": ""person""}, {""x1"": 939.77, ""y1"": 349.37, ""x2"": 991.57, ""y2"": 415.46, ""confidence"": 0.5029, ""class_id"": 0, ""class_name"": ""person""}]"
sidewalk_20260611_013714,camera_01,data\video\sidewalk.mp4,65,2026-06-11T01:37:44,2026-06-11T01:37:44,1920,1080,2,85.21,output\experiments\sidewalk_20260611_013714\annotated_frames\camera_01_frame_000065.jpg,"[{""x1"": 645.72, ""y1"": 362.14, ""x2"": 708.22, ""y2"": 471.18, ""confidence"": 0.4359, ""class_id"": 0, ""class_name"": ""person""}, {""x1"": 1172.36, ""y1"": 340.05, ""x2"": 1258.61, ""y2"": 437.45, ""confidence"": 0.3303, ""class_id"": 0, ""class_name"": ""person""}]"
sidewalk_20260611_013714,camera_01,data\video\sidewalk.mp4,66,2026-06-11T01:37:44,2026-06-11T01:37:44,1920,1080,3,99.78,output\experiments\sidewalk_20260611_013714\annotated_frames\camera_01_frame_000066.jpg,"[{""x1"": 641.55, ""y1"": 363.71, ""x2"": 702.19, ""y2"": 461.44, ""confidence"": 0.6043, ""class_id"": 0, ""class_name"": ""person""}, {""x1"": 1116.38, ""y1"": 336.72, ""x2"": 1203.02, ""y2"": 434.65, ""confidence"": 0.3956, ""class_id"": 0, ""class_name"": ""person""}, {""x1"": 538.0, ""y1"": 290.83, ""x2"": 599.67, ""y2"": 471.52, ""confidence"": 0.258, ""class_id"": 0, ""class_name"": ""person""}]"
sidewalk_20260611_013714,camera_01,data\video\sidewalk.mp4,67,2026-06-11T01:37:45,2026-06-11T01:37:45,1920,1080,3,83.05,output\experiments\sidewalk_20260611_013714\annotated_frames\camera_01_frame_000067.jpg,"[{""x1"": 642.91, ""y1"": 364.23, ""x2"": 706.4, ""y2"": 443.79, ""confidence"": 0.5159, ""class_id"": 0, ""class_name"": ""person""}, {""x1"": 1054.95, ""y1"": 350.92, ""x2"": 1145.99, ""y2"": 434.31, ""confidence"": 0.3158, ""class_id"": 0, ""class_name"": ""person""}, {""x1"": 538.27, ""y1"": 290.5, ""x2"": 598.4, ""y2"": 471.56, ""confidence"": 0.2816, ""class_id"": 0, ""class_name"": ""person""}]"
sidewalk_20260611_013714,camera_01,data\video\sidewalk.mp4,68,2026-06-11T01:37:45,2026-06-11T01:37:45,1920,1080,4,83.4,output\experiments\sidewalk_20260611_013714\annotated_frames\camera_01_frame_000068.jpg,"[{""x1"": 956.72, ""y1"": 352.78, ""x2"": 1012.33, ""y2"": 433.05, ""confidence"": 0.5832, ""class_id"": 0, ""class_name"": ""person""}, {""x1"": 645.04, ""y1"": 359.2, ""x2"": 702.51, ""y2"": 432.32, ""confidence"": 0.3714, ""class_id"": 0, ""class_name"": ""person""}, {""x1"": 538.35, ""y1"": 290.57, ""x2"": 597.87, ""y2"": 452.37, ""confidence"": 0.3644, ""class_id"": 0, ""class_name"": ""person""}, {""x1"": 480.57, ""y1"": 380.86, ""x2"": 517.77, ""y2"": 479.39, ""confidence"": 0.2595, ""class_id"": 0, ""class_name"": ""person""}]"
sidewalk_20260611_013714,camera_01,data\video\sidewalk.mp4,69,2026-06-11T01:37:45,2026-06-11T01:37:45,1920,1080,2,79.89,output\experiments\sidewalk_20260611_013714\annotated_frames\camera_01_frame_000069.jpg,"[{""x1"": 539.13, ""y1"": 290.71, ""x2"": 597.28, ""y2"": 436.23, ""confidence"": 0.4086, ""class_id"": 0, ""class_name"": ""person""}, {""x1"": 953.9, ""y1"": 339.92, ""x2"": 1027.12, ""y2"": 433.65, ""confidence"": 0.4056, ""class_id"": 0, ""class_name"": ""person""}]"
sidewalk_20260611_013714,camera_01,data\video\sidewalk.mp4,70,2026-06-11T01:37:45,2026-06-11T01:37:45,1920,1080,0,78.7,output\experiments\sidewalk_20260611_013714\annotated_frames\camera_01_frame_000070.jpg,[]
sidewalk_20260611_013714,camera_01,data\video\sidewalk.mp4,71,2026-06-11T01:37:45,2026-06-11T01:37:46,1920,1080,1,81.09,output\experiments\sidewalk_20260611_013714\annotated_frames\camera_01_frame_000071.jpg,"[{""x1"": 973.89, ""y1"": 352.94, ""x2"": 1023.41, ""y2"": 429.46, ""confidence"": 0.3556, ""class_id"": 0, ""class_name"": ""person""}]"
sidewalk_20260611_013714,camera_01,data\video\sidewalk.mp4,72,2026-06-11T01:37:46,2026-06-11T01:37:46,1920,1080,2,85.5,output\experiments\sidewalk_20260611_013714\annotated_frames\camera_01_frame_000072.jpg,"[{""x1"": 1403.36, ""y1"": 390.54, ""x2"": 1474.66, ""y2"": 557.93, ""confidence"": 0.5733, ""class_id"": 0, ""class_name"": ""person""}, {""x1"": 977.61, ""y1"": 359.63, ""x2"": 1025.62, ""y2"": 427.63, ""confidence"": 0.4498, ""class_id"": 0, ""class_name"": ""person""}]"
sidewalk_20260611_013714,camera_01,data\video\sidewalk.mp4,73,2026-06-11T01:37:46,2026-06-11T01:37:46,1920,1080,4,73.71,output\experiments\sidewalk_20260611_013714\annotated_frames\camera_01_frame_000073.jpg,"[{""x1"": 1382.6, ""y1"": 403.38, ""x2"": 1467.38, ""y2"": 561.21, ""confidence"": 0.5505, ""class_id"": 0, ""class_name"": ""person""}, {""x1"": 647.69, ""y1"": 358.72, ""x2"": 723.33, ""y2"": 428.91, ""confidence"": 0.4233, ""class_id"": 0, ""class_name"": ""person""}, {""x1"": 983.38, ""y1"": 353.24, ""x2"": 1056.91, ""y2"": 423.03, ""confidence"": 0.2772, ""class_id"": 0, ""class_name"": ""person""}, {""x1"": 730.84, ""y1"": 361.0, ""x2"": 788.5, ""y2"": 428.04, ""confidence"": 0.2526, ""class_id"": 0, ""class_name"": ""person""}]"
sidewalk_20260611_013714,camera_01,data\video\sidewalk.mp4,74,2026-06-11T01:37:46,2026-06-11T01:37:46,1920,1080,2,77.43,output\experiments\sidewalk_20260611_013714\annotated_frames\camera_01_frame_000074.jpg,"[{""x1"": 645.37, ""y1"": 342.11, ""x2"": 728.39, ""y2"": 430.72, ""confidence"": 0.7267, ""class_id"": 0, ""class_name"": ""person""}, {""x1"": 1391.16, ""y1"": 377.14, ""x2"": 1479.34, ""y2"": 568.18, ""confidence"": 0.3978, ""class_id"": 0, ""class_name"": ""person""}]"
sidewalk_20260611_013714,camera_01,data\video\sidewalk.mp4,75,2026-06-11T01:37:46,2026-06-11T01:37:46,1920,1080,0,83.6,output\experiments\sidewalk_20260611_013714\annotated_frames\camera_01_frame_000075.jpg,[]
sidewalk_20260611_013714,camera_01,data\video\sidewalk.mp4,76,2026-06-11T01:37:47,2026-06-11T01:37:47,1920,1080,0,84.58,output\experiments\sidewalk_20260611_013714\annotated_frames\camera_01_frame_000076.jpg,[]
sidewalk_20260611_013714,camera_01,data\video\sidewalk.mp4,77,2026-06-11T01:37:47,2026-06-11T01:37:47,1920,1080,2,86.08,output\experiments\sidewalk_20260611_013714\annotated_frames\camera_01_frame_000077.jpg,"[{""x1"": 1423.47, ""y1"": 383.09, ""x2"": 1481.76, ""y2"": 448.25, ""confidence"": 0.3502, ""class_id"": 0, ""class_name"": ""person""}, {""x1"": 652.0, ""y1"": 352.69, ""x2"": 714.59, ""y2"": 420.44, ""confidence"": 0.3125, ""class_id"": 0, ""class_name"": ""person""}]"
sidewalk_20260611_013714,camera_01,data\video\sidewalk.mp4,78,2026-06-11T01:37:47,2026-06-11T01:37:47,1920,1080,3,80.08,output\experiments\sidewalk_20260611_013714\annotated_frames\camera_01_frame_000078.jpg,"[{""x1"": 1422.19, ""y1"": 384.43, ""x2"": 1486.8, ""y2"": 445.54, ""confidence"": 0.4483, ""class_id"": 0, ""class_name"": ""person""}, {""x1"": 652.79, ""y1"": 349.28, ""x2"": 716.26, ""y2"": 418.73, ""confidence"": 0.4462, ""class_id"": 0, ""class_name"": ""person""}, {""x1"": 1009.17, ""y1"": 349.22, ""x2"": 1060.96, ""y2"": 513.73, ""confidence"": 0.4116, ""class_id"": 0, ""class_name"": ""person""}]"
sidewalk_20260611_013714,camera_01,data\video\sidewalk.mp4,79,2026-06-11T01:37:47,2026-06-11T01:37:47,1920,1080,2,96.87,output\experiments\sidewalk_20260611_013714\annotated_frames\camera_01_frame_000079.jpg,"[{""x1"": 997.79, ""y1"": 352.16, ""x2"": 1060.73, ""y2"": 558.14, ""confidence"": 0.764, ""class_id"": 0, ""class_name"": ""person""}, {""x1"": 1426.38, ""y1"": 382.67, ""x2"": 1492.41, ""y2"": 442.94, ""confidence"": 0.4861, ""class_id"": 0, ""class_name"": ""person""}]"
sidewalk_20260611_013714,camera_01,data\video\sidewalk.mp4,80,2026-06-11T01:37:47,2026-06-11T01:37:47,1920,1080,3,89.29,output\experiments\sidewalk_20260611_013714\annotated_frames\camera_01_frame_000080.jpg,"[{""x1"": 998.15, ""y1"": 352.19, ""x2"": 1065.17, ""y2"": 562.33, ""confidence"": 0.747, ""class_id"": 0, ""class_name"": ""person""}, {""x1"": 1426.91, ""y1"": 380.58, ""x2"": 1499.86, ""y2"": 438.43, ""confidence"": 0.4397, ""class_id"": 0, ""class_name"": ""person""}, {""x1"": 392.87, ""y1"": 326.51, ""x2"": 506.69, ""y2"": 420.19, ""confidence"": 0.3036, ""class_id"": 0, ""class_name"": ""person""}]"
sidewalk_20260611_013714,camera_01,data\video\sidewalk.mp4,81,2026-06-11T01:37:48,2026-06-11T01:37:48,1920,1080,1,68.06,output\experiments\sidewalk_20260611_013714\annotated_frames\camera_01_frame_000081.jpg,"[{""x1"": 998.12, ""y1"": 352.5, ""x2"": 1076.17, ""y2"": 570.8, ""confidence"": 0.7453, ""class_id"": 0, ""class_name"": ""person""}]"
sidewalk_20260611_013714,camera_01,data\video\sidewalk.mp4,82,2026-06-11T01:37:48,2026-06-11T01:37:48,1920,1080,1,74.3,output\experiments\sidewalk_20260611_013714\annotated_frames\camera_01_frame_000082.jpg,"[{""x1"": 1008.46, ""y1"": 351.21, ""x2"": 1087.49, ""y2"": 570.45, ""confidence"": 0.6694, ""class_id"": 0, ""class_name"": ""person""}]"
sidewalk_20260611_013714,camera_01,data\video\sidewalk.mp4,83,2026-06-11T01:37:48,2026-06-11T01:37:48,1920,1080,2,75.94,output\experiments\sidewalk_20260611_013714\annotated_frames\camera_01_frame_000083.jpg,"[{""x1"": 1010.04, ""y1"": 351.4, ""x2"": 1082.47, ""y2"": 571.83, ""confidence"": 0.6095, ""class_id"": 0, ""class_name"": ""person""}, {""x1"": 769.3, ""y1"": 369.76, ""x2"": 819.68, ""y2"": 573.44, ""confidence"": 0.4875, ""class_id"": 0, ""class_name"": ""person""}]"
sidewalk_20260611_013714,camera_01,data\video\sidewalk.mp4,84,2026-06-11T01:37:48,2026-06-11T01:37:48,1920,1080,4,86.08,output\experiments\sidewalk_20260611_013714\annotated_frames\camera_01_frame_000084.jpg,"[{""x1"": 738.99, ""y1"": 360.45, ""x2"": 830.25, ""y2"": 574.46, ""confidence"": 0.7688, ""class_id"": 0, ""class_name"": ""person""}, {""x1"": 1014.65, ""y1"": 350.78, ""x2"": 1085.25, ""y2"": 566.01, ""confidence"": 0.6166, ""class_id"": 0, ""class_name"": ""person""}, {""x1"": 1026.23, ""y1"": 354.96, ""x2"": 1086.38, ""y2"": 472.4, ""confidence"": 0.5039, ""class_id"": 0, ""class_name"": ""person""}, {""x1"": 671.43, ""y1"": 310.39, ""x2"": 714.8, ""y2"": 428.56, ""confidence"": 0.2511, ""class_id"": 0, ""class_name"": ""person""}]"
sidewalk_20260611_013714,camera_01,data\video\sidewalk.mp4,85,2026-06-11T01:37:48,2026-06-11T01:37:49,1920,1080,6,73.72,output\experiments\sidewalk_20260611_013714\annotated_frames\camera_01_frame_000085.jpg,"[{""x1"": 755.55, ""y1"": 362.93, ""x2"": 840.22, ""y2"": 575.77, ""confidence"": 0.709, ""class_id"": 0, ""class_name"": ""person""}, {""x1"": 1033.53, ""y1"": 357.2, ""x2"": 1086.48, ""y2"": 462.3, ""confidence"": 0.6888, ""class_id"": 0, ""class_name"": ""person""}, {""x1"": 648.69, ""y1"": 355.83, ""x2"": 739.92, ""y2"": 551.74, ""confidence"": 0.4489, ""class_id"": 0, ""class_name"": ""person""}, {""x1"": 650.44, ""y1"": 357.48, ""x2"": 710.35, ""y2"": 555.41, ""confidence"": 0.3822, ""class_id"": 0, ""class_name"": ""person""}, {""x1"": 997.17, ""y1"": 390.67, ""x2"": 1027.01, ""y2"": 459.54, ""confidence"": 0.3794, ""class_id"": 0, ""class_name"": ""person""}, {""x1"": 651.43, ""y1"": 358.0, ""x2"": 708.19, ""y2"": 484.09, ""confidence"": 0.2999, ""class_id"": 0, ""class_name"": ""person""}]"
sidewalk_20260611_013714,camera_01,data\video\sidewalk.mp4,86,2026-06-11T01:37:49,2026-06-11T01:37:49,1920,1080,4,81.93,output\experiments\sidewalk_20260611_013714\annotated_frames\camera_01_frame_000086.jpg,"[{""x1"": 642.82, ""y1"": 356.28, ""x2"": 712.08, ""y2"": 609.44, ""confidence"": 0.743, ""class_id"": 0, ""class_name"": ""person""}, {""x1"": 761.36, ""y1"": 363.76, ""x2"": 849.55, ""y2"": 573.25, ""confidence"": 0.719, ""class_id"": 0, ""class_name"": ""person""}, {""x1"": 1039.17, ""y1"": 359.29, ""x2"": 1091.98, ""y2"": 445.33, ""confidence"": 0.6668, ""class_id"": 0, ""class_name"": ""person""}, {""x1"": 635.84, ""y1"": 355.78, ""x2"": 737.69, ""y2"": 615.92, ""confidence"": 0.5965, ""class_id"": 0, ""class_name"": ""person""}]"
sidewalk_20260611_013714,camera_01,data\video\sidewalk.mp4,87,2026-06-11T01:37:49,2026-06-11T01:37:49,1920,1080,4,81.93,output\experiments\sidewalk_20260611_013714\annotated_frames\camera_01_frame_000087.jpg,"[{""x1"": 641.97, ""y1"": 354.89, ""x2"": 714.91, ""y2"": 609.23, ""confidence"": 0.7411, ""class_id"": 0, ""class_name"": ""person""}, {""x1"": 1045.57, ""y1"": 358.83, ""x2"": 1101.09, ""y2"": 440.81, ""confidence"": 0.7337, ""class_id"": 0, ""class_name"": ""person""}, {""x1"": 773.79, ""y1"": 363.56, ""x2"": 845.45, ""y2"": 573.44, ""confidence"": 0.6728, ""class_id"": 0, ""class_name"": ""person""}, {""x1"": 771.58, ""y1"": 374.88, ""x2"": 824.8, ""y2"": 573.58, ""confidence"": 0.32, ""class_id"": 0, ""class_name"": ""person""}]"
sidewalk_20260611_013714,camera_01,data\video\sidewalk.mp4,88,2026-06-11T01:37:49,2026-06-11T01:37:49,1920,1080,3,96.99,output\experiments\sidewalk_20260611_013714\annotated_frames\camera_01_frame_000088.jpg,"[{""x1"": 1052.37, ""y1"": 358.7, ""x2"": 1103.04, ""y2"": 437.33, ""confidence"": 0.754, ""class_id"": 0, ""class_name"": ""person""}, {""x1"": 641.7, ""y1"": 355.08, ""x2"": 712.87, ""y2"": 608.94, ""confidence"": 0.7273, ""class_id"": 0, ""class_name"": ""person""}, {""x1"": 777.13, ""y1"": 365.51, ""x2"": 847.11, ""y2"": 571.11, ""confidence"": 0.6483, ""class_id"": 0, ""class_name"": ""person""}]"
sidewalk_20260611_013714,camera_01,data\video\sidewalk.mp4,89,2026-06-11T01:37:49,2026-06-11T01:37:49,1920,1080,3,93.53,output\experiments\sidewalk_20260611_013714\annotated_frames\camera_01_frame_000089.jpg,"[{""x1"": 778.99, ""y1"": 362.05, ""x2"": 849.74, ""y2"": 579.02, ""confidence"": 0.7647, ""class_id"": 0, ""class_name"": ""person""}, {""x1"": 641.2, ""y1"": 354.79, ""x2"": 712.22, ""y2"": 608.35, ""confidence"": 0.7398, ""class_id"": 0, ""class_name"": ""person""}, {""x1"": 1058.78, ""y1"": 359.18, ""x2"": 1108.14, ""y2"": 431.47, ""confidence"": 0.6334, ""class_id"": 0, ""class_name"": ""person""}]"
sidewalk_20260611_013714,camera_01,data\video\sidewalk.mp4,90,2026-06-11T01:37:50,2026-06-11T01:37:50,1920,1080,4,86.15,output\experiments\sidewalk_20260611_013714\annotated_frames\camera_01_frame_000090.jpg,"[{""x1"": 641.72, ""y1"": 354.09, ""x2"": 712.49, ""y2"": 609.2, ""confidence"": 0.7287, ""class_id"": 0, ""class_name"": ""person""}, {""x1"": 1063.76, ""y1"": 355.8, ""x2"": 1130.17, ""y2"": 428.62, ""confidence"": 0.6514, ""class_id"": 0, ""class_name"": ""person""}, {""x1"": 786.17, ""y1"": 363.42, ""x2"": 860.67, ""y2"": 475.84, ""confidence"": 0.5282, ""class_id"": 0, ""class_name"": ""person""}, {""x1"": 637.71, ""y1"": 353.19, ""x2"": 739.41, ""y2"": 607.46, ""confidence"": 0.4893, ""class_id"": 0, ""class_name"": ""person""}]"
sidewalk_20260611_013714,camera_01,data\video\sidewalk.mp4,91,2026-06-11T01:37:50,2026-06-11T01:37:50,1920,1080,2,116.98,output\experiments\sidewalk_20260611_013714\annotated_frames\camera_01_frame_000091.jpg,"[{""x1"": 643.27, ""y1"": 354.34, ""x2"": 715.2, ""y2"": 608.71, ""confidence"": 0.7442, ""class_id"": 0, ""class_name"": ""person""}, {""x1"": 799.7, ""y1"": 363.32, ""x2"": 869.62, ""y2"": 443.17, ""confidence"": 0.5099, ""class_id"": 0, ""class_name"": ""person""}]"
sidewalk_20260611_013714,camera_01,data\video\sidewalk.mp4,92,2026-06-11T01:37:50,2026-06-11T01:37:50,1920,1080,2,83.24,output\experiments\sidewalk_20260611_013714\annotated_frames\camera_01_frame_000092.jpg,"[{""x1"": 641.7, ""y1"": 355.57, ""x2"": 711.5, ""y2"": 608.23, ""confidence"": 0.7603, ""class_id"": 0, ""class_name"": ""person""}, {""x1"": 812.55, ""y1"": 357.82, ""x2"": 869.59, ""y2"": 435.34, ""confidence"": 0.5305, ""class_id"": 0, ""class_name"": ""person""}]"
sidewalk_20260611_013714,camera_01,data\video\sidewalk.mp4,93,2026-06-11T01:37:50,2026-06-11T01:37:50,1920,1080,4,85.14,output\experiments\sidewalk_20260611_013714\annotated_frames\camera_01_frame_000093.jpg,"[{""x1"": 819.17, ""y1"": 358.34, ""x2"": 875.14, ""y2"": 431.19, ""confidence"": 0.4839, ""class_id"": 0, ""class_name"": ""person""}, {""x1"": 643.45, ""y1"": 357.53, ""x2"": 712.51, ""y2"": 484.44, ""confidence"": 0.4762, ""class_id"": 0, ""class_name"": ""person""}, {""x1"": 640.79, ""y1"": 359.87, ""x2"": 709.92, ""y2"": 529.22, ""confidence"": 0.342, ""class_id"": 0, ""class_name"": ""person""}, {""x1"": 833.6, ""y1"": 356.57, ""x2"": 876.54, ""y2"": 428.32, ""confidence"": 0.2967, ""class_id"": 0, ""class_name"": ""person""}]"
sidewalk_20260611_013714,camera_01,data\video\sidewalk.mp4,94,2026-06-11T01:37:50,2026-06-11T01:37:51,1920,1080,4,86.34,output\experiments\sidewalk_20260611_013714\annotated_frames\camera_01_frame_000094.jpg,"[{""x1"": 648.45, ""y1"": 360.44, ""x2"": 708.79, ""y2"": 461.53, ""confidence"": 0.6011, ""class_id"": 0, ""class_name"": ""person""}, {""x1"": 833.37, ""y1"": 356.73, ""x2"": 886.38, ""y2"": 428.62, ""confidence"": 0.5604, ""class_id"": 0, ""class_name"": ""person""}, {""x1"": 818.79, ""y1"": 359.05, ""x2"": 879.19, ""y2"": 431.23, ""confidence"": 0.4288, ""class_id"": 0, ""class_name"": ""person""}, {""x1"": 816.67, ""y1"": 388.06, ""x2"": 866.08, ""y2"": 430.92, ""confidence"": 0.343, ""class_id"": 0, ""class_name"": ""person""}]"
sidewalk_20260611_013714,camera_01,data\video\sidewalk.mp4,95,2026-06-11T01:37:51,2026-06-11T01:37:51,1920,1080,4,80.64,output\experiments\sidewalk_20260611_013714\annotated_frames\camera_01_frame_000095.jpg,"[{""x1"": 648.17, ""y1"": 360.53, ""x2"": 709.13, ""y2"": 448.61, ""confidence"": 0.6188, ""class_id"": 0, ""class_name"": ""person""}, {""x1"": 845.3, ""y1"": 357.88, ""x2"": 891.14, ""y2"": 424.75, ""confidence"": 0.4995, ""class_id"": 0, ""class_name"": ""person""}, {""x1"": 829.89, ""y1"": 357.86, ""x2"": 889.69, ""y2"": 427.68, ""confidence"": 0.3346, ""class_id"": 0, ""class_name"": ""person""}, {""x1"": 825.56, ""y1"": 376.6, ""x2"": 876.73, ""y2"": 428.93, ""confidence"": 0.2818, ""class_id"": 0, ""class_name"": ""person""}]"
sidewalk_20260611_013714,camera_01,data\video\sidewalk.mp4,96,2026-06-11T01:37:51,2026-06-11T01:37:51,1920,1080,2,76.85,output\experiments\sidewalk_20260611_013714\annotated_frames\camera_01_frame_000096.jpg,"[{""x1"": 647.32, ""y1"": 358.94, ""x2"": 709.12, ""y2"": 442.06, ""confidence"": 0.6459, ""class_id"": 0, ""class_name"": ""person""}, {""x1"": 853.91, ""y1"": 358.06, ""x2"": 894.18, ""y2"": 401.91, ""confidence"": 0.2579, ""class_id"": 0, ""class_name"": ""person""}]"
sidewalk_20260611_013714,camera_01,data\video\sidewalk.mp4,97,2026-06-11T01:37:51,2026-06-11T01:37:51,1920,1080,3,77.38,output\experiments\sidewalk_20260611_013714\annotated_frames\camera_01_frame_000097.jpg,"[{""x1"": 645.84, ""y1"": 359.79, ""x2"": 709.62, ""y2"": 435.18, ""confidence"": 0.5922, ""class_id"": 0, ""class_name"": ""person""}, {""x1"": 539.45, ""y1"": 288.24, ""x2"": 596.57, ""y2"": 446.29, ""confidence"": 0.3006, ""class_id"": 0, ""class_name"": ""person""}, {""x1"": 1507.28, ""y1"": 387.24, ""x2"": 1560.39, ""y2"": 542.55, ""confidence"": 0.2602, ""class_id"": 0, ""class_name"": ""person""}]"
sidewalk_20260611_013714,camera_01,data\video\sidewalk.mp4,98,2026-06-11T01:37:51,2026-06-11T01:37:51,1920,1080,2,76.76,output\experiments\sidewalk_20260611_013714\annotated_frames\camera_01_frame_000098.jpg,"[{""x1"": 642.66, ""y1"": 358.57, ""x2"": 709.0, ""y2"": 432.56, ""confidence"": 0.5494, ""class_id"": 0, ""class_name"": ""person""}, {""x1"": 538.19, ""y1"": 287.89, ""x2"": 598.34, ""y2"": 439.88, ""confidence"": 0.3412, ""class_id"": 0, ""class_name"": ""person""}]"
sidewalk_20260611_013714,camera_01,data\video\sidewalk.mp4,99,2026-06-11T01:37:52,2026-06-11T01:37:52,1920,1080,2,81.5,output\experiments\sidewalk_20260611_013714\annotated_frames\camera_01_frame_000099.jpg,"[{""x1"": 642.31, ""y1"": 356.96, ""x2"": 709.64, ""y2"": 431.58, ""confidence"": 0.6052, ""class_id"": 0, ""class_name"": ""person""}, {""x1"": 539.56, ""y1"": 289.14, ""x2"": 597.61, ""y2"": 431.05, ""confidence"": 0.2792, ""class_id"": 0, ""class_name"": ""person""}]"
sidewalk_20260611_013714,camera_01,data\video\sidewalk.mp4,100,2026-06-11T01:37:52,2026-06-11T01:37:52,1920,1080,2,72.42,output\experiments\sidewalk_20260611_013714\annotated_frames\camera_01_frame_000100.jpg,"[{""x1"": 627.34, ""y1"": 348.47, ""x2"": 711.11, ""y2"": 427.0, ""confidence"": 0.4003, ""class_id"": 0, ""class_name"": ""person""}, {""x1"": 648.91, ""y1"": 351.65, ""x2"": 712.59, ""y2"": 424.85, ""confidence"": 0.3357, ""class_id"": 0, ""class_name"": ""person""}]"
sidewalk_20260611_013714,camera_01,data\video\sidewalk.mp4,101,2026-06-11T01:37:52,2026-06-11T01:37:52,1920,1080,0,78.75,output\experiments\sidewalk_20260611_013714\annotated_frames\camera_01_frame_000101.jpg,[]
sidewalk_20260611_013714,camera_01,data\video\sidewalk.mp4,102,2026-06-11T01:37:52,2026-06-11T01:37:52,1920,1080,1,73.71,output\experiments\sidewalk_20260611_013714\annotated_frames\camera_01_frame_000102.jpg,"[{""x1"": 1131.13, ""y1"": 353.58, ""x2"": 1175.07, ""y2"": 409.42, ""confidence"": 0.4825, ""class_id"": 0, ""class_name"": ""person""}]"
sidewalk_20260611_013714,camera_01,data\video\sidewalk.mp4,103,2026-06-11T01:37:52,2026-06-11T01:37:52,1920,1080,1,66.43,output\experiments\sidewalk_20260611_013714\annotated_frames\camera_01_frame_000103.jpg,"[{""x1"": 1124.26, ""y1"": 357.33, ""x2"": 1173.75, ""y2"": 415.23, ""confidence"": 0.6688, ""class_id"": 0, ""class_name"": ""person""}]"
sidewalk_20260611_013714,camera_01,data\video\sidewalk.mp4,104,2026-06-11T01:37:53,2026-06-11T01:37:53,1920,1080,3,78.81,output\experiments\sidewalk_20260611_013714\annotated_frames\camera_01_frame_000104.jpg,"[{""x1"": 1125.75, ""y1"": 357.5, ""x2"": 1178.26, ""y2"": 421.26, ""confidence"": 0.5376, ""class_id"": 0, ""class_name"": ""person""}, {""x1"": 652.47, ""y1"": 373.43, ""x2"": 720.55, ""y2"": 424.48, ""confidence"": 0.3269, ""class_id"": 0, ""class_name"": ""person""}, {""x1"": 1125.23, ""y1"": 354.61, ""x2"": 1194.67, ""y2"": 436.88, ""confidence"": 0.2662, ""class_id"": 0, ""class_name"": ""person""}]"
sidewalk_20260611_013714,camera_01,data\video\sidewalk.mp4,105,2026-06-11T01:37:53,2026-06-11T01:37:53,1920,1080,2,83.02,output\experiments\sidewalk_20260611_013714\annotated_frames\camera_01_frame_000105.jpg,"[{""x1"": 1125.25, ""y1"": 354.11, ""x2"": 1197.09, ""y2"": 582.46, ""confidence"": 0.483, ""class_id"": 0, ""class_name"": ""person""}, {""x1"": 1128.22, ""y1"": 353.88, ""x2"": 1195.5, ""y2"": 517.22, ""confidence"": 0.2954, ""class_id"": 0, ""class_name"": ""person""}]"
sidewalk_20260611_013714,camera_01,data\video\sidewalk.mp4,106,2026-06-11T01:37:53,2026-06-11T01:37:53,1920,1080,1,93.64,output\experiments\sidewalk_20260611_013714\annotated_frames\camera_01_frame_000106.jpg,"[{""x1"": 1130.74, ""y1"": 358.31, ""x2"": 1190.35, ""y2"": 569.48, ""confidence"": 0.7166, ""class_id"": 0, ""class_name"": ""person""}]"
sidewalk_20260611_013714,camera_01,data\video\sidewalk.mp4,107,2026-06-11T01:37:53,2026-06-11T01:37:53,1920,1080,1,105.32,output\experiments\sidewalk_20260611_013714\annotated_frames\camera_01_frame_000107.jpg,"[{""x1"": 1121.31, ""y1"": 352.84, ""x2"": 1191.2, ""y2"": 569.78, ""confidence"": 0.7365, ""class_id"": 0, ""class_name"": ""person""}]"
sidewalk_20260611_013714,camera_01,data\video\sidewalk.mp4,108,2026-06-11T01:37:53,2026-06-11T01:37:54,1920,1080,3,90.65,output\experiments\sidewalk_20260611_013714\annotated_frames\camera_01_frame_000108.jpg,"[{""x1"": 1114.34, ""y1"": 354.57, ""x2"": 1200.56, ""y2"": 570.16, ""confidence"": 0.7281, ""class_id"": 0, ""class_name"": ""person""}, {""x1"": 936.69, ""y1"": 363.98, ""x2"": 975.51, ""y2"": 411.76, ""confidence"": 0.455, ""class_id"": 0, ""class_name"": ""person""}, {""x1"": 653.09, ""y1"": 366.86, ""x2"": 716.14, ""y2"": 417.08, ""confidence"": 0.3387, ""class_id"": 0, ""class_name"": ""person""}]"
sidewalk_20260611_013714,camera_01,data\video\sidewalk.mp4,109,2026-06-11T01:37:54,2026-06-11T01:37:54,1920,1080,3,92.81,output\experiments\sidewalk_20260611_013714\annotated_frames\camera_01_frame_000109.jpg,"[{""x1"": 1123.43, ""y1"": 350.44, ""x2"": 1201.1, ""y2"": 570.83, ""confidence"": 0.7566, ""class_id"": 0, ""class_name"": ""person""}, {""x1"": 943.04, ""y1"": 367.69, ""x2"": 999.48, ""y2"": 427.78, ""confidence"": 0.4213, ""class_id"": 0, ""class_name"": ""person""}, {""x1"": 651.72, ""y1"": 363.88, ""x2"": 714.6, ""y2"": 413.79, ""confidence"": 0.3213, ""class_id"": 0, ""class_name"": ""person""}]"
sidewalk_20260611_013714,camera_01,data\video\sidewalk.mp4,110,2026-06-11T01:37:54,2026-06-11T01:37:54,1920,1080,2,96.28,output\experiments\sidewalk_20260611_013714\annotated_frames\camera_01_frame_000110.jpg,"[{""x1"": 1140.24, ""y1"": 350.09, ""x2"": 1204.79, ""y2"": 570.29, ""confidence"": 0.7692, ""class_id"": 0, ""class_name"": ""person""}, {""x1"": 930.79, ""y1"": 371.04, ""x2"": 994.25, ""y2"": 566.94, ""confidence"": 0.3054, ""class_id"": 0, ""class_name"": ""person""}]"
sidewalk_20260611_013714,camera_01,data\video\sidewalk.mp4,111,2026-06-11T01:37:54,2026-06-11T01:37:54,1920,1080,2,92.18,output\experiments\sidewalk_20260611_013714\annotated_frames\camera_01_frame_000111.jpg,"[{""x1"": 1140.15, ""y1"": 349.65, ""x2"": 1213.72, ""y2"": 572.09, ""confidence"": 0.7745, ""class_id"": 0, ""class_name"": ""person""}, {""x1"": 940.96, ""y1"": 371.35, ""x2"": 1030.18, ""y2"": 571.89, ""confidence"": 0.7275, ""class_id"": 0, ""class_name"": ""person""}]"
sidewalk_20260611_013714,camera_01,data\video\sidewalk.mp4,112,2026-06-11T01:37:54,2026-06-11T01:37:54,1920,1080,3,82.74,output\experiments\sidewalk_20260611_013714\annotated_frames\camera_01_frame_000112.jpg,"[{""x1"": 924.37, ""y1"": 369.65, ""x2"": 1033.11, ""y2"": 574.94, ""confidence"": 0.783, ""class_id"": 0, ""class_name"": ""person""}, {""x1"": 1150.47, ""y1"": 351.04, ""x2"": 1221.17, ""y2"": 561.39, ""confidence"": 0.7449, ""class_id"": 0, ""class_name"": ""person""}, {""x1"": 850.84, ""y1"": 387.52, ""x2"": 936.7, ""y2"": 580.12, ""confidence"": 0.6843, ""class_id"": 0, ""class_name"": ""person""}]"
sidewalk_20260611_013714,camera_01,data\video\sidewalk.mp4,113,2026-06-11T01:37:55,2026-06-11T01:37:55,1920,1080,3,90.66,output\experiments\sidewalk_20260611_013714\annotated_frames\camera_01_frame_000113.jpg,"[{""x1"": 933.42, ""y1"": 368.47, ""x2"": 1031.64, ""y2"": 575.32, ""confidence"": 0.8306, ""class_id"": 0, ""class_name"": ""person""}, {""x1"": 1150.93, ""y1"": 352.6, ""x2"": 1225.4, ""y2"": 558.62, ""confidence"": 0.7304, ""class_id"": 0, ""class_name"": ""person""}, {""x1"": 864.11, ""y1"": 389.36, ""x2"": 942.29, ""y2"": 574.9, ""confidence"": 0.6706, ""class_id"": 0, ""class_name"": ""person""}]"
sidewalk_20260611_013714,camera_01,data\video\sidewalk.mp4,114,2026-06-11T01:37:55,2026-06-11T01:37:55,1920,1080,3,85.68,output\experiments\sidewalk_20260611_013714\annotated_frames\camera_01_frame_000114.jpg,"[{""x1"": 934.75, ""y1"": 366.13, ""x2"": 1033.8, ""y2"": 576.32, ""confidence"": 0.8164, ""class_id"": 0, ""class_name"": ""person""}, {""x1"": 858.16, ""y1"": 388.7, ""x2"": 944.69, ""y2"": 576.79, ""confidence"": 0.752, ""class_id"": 0, ""class_name"": ""person""}, {""x1"": 1158.39, ""y1"": 353.04, ""x2"": 1228.13, ""y2"": 570.17, ""confidence"": 0.7338, ""class_id"": 0, ""class_name"": ""person""}]"
sidewalk_20260611_013714,camera_01,data\video\sidewalk.mp4,115,2026-06-11T01:37:55,2026-06-11T01:37:55,1920,1080,4,80.55,output\experiments\sidewalk_20260611_013714\annotated_frames\camera_01_frame_000115.jpg,"[{""x1"": 856.49, ""y1"": 386.49, ""x2"": 946.68, ""y2"": 576.85, ""confidence"": 0.7789, ""class_id"": 0, ""class_name"": ""person""}, {""x1"": 1159.63, ""y1"": 356.07, ""x2"": 1233.82, ""y2"": 569.57, ""confidence"": 0.7534, ""class_id"": 0, ""class_name"": ""person""}, {""x1"": 940.16, ""y1"": 366.97, ""x2"": 1036.07, ""y2"": 574.07, ""confidence"": 0.7088, ""class_id"": 0, ""class_name"": ""person""}, {""x1"": 664.29, ""y1"": 311.36, ""x2"": 717.54, ""y2"": 407.33, ""confidence"": 0.2884, ""class_id"": 0, ""class_name"": ""person""}]"
sidewalk_20260611_013714,camera_01,data\video\sidewalk.mp4,116,2026-06-11T01:37:55,2026-06-11T01:37:55,1920,1080,4,77.54,output\experiments\sidewalk_20260611_013714\annotated_frames\camera_01_frame_000116.jpg,"[{""x1"": 1159.93, ""y1"": 356.9, ""x2"": 1238.53, ""y2"": 570.01, ""confidence"": 0.8267, ""class_id"": 0, ""class_name"": ""person""}, {""x1"": 857.45, ""y1"": 389.92, ""x2"": 950.07, ""y2"": 578.85, ""confidence"": 0.7684, ""class_id"": 0, ""class_name"": ""person""}, {""x1"": 960.58, ""y1"": 364.87, ""x2"": 1038.86, ""y2"": 573.9, ""confidence"": 0.7425, ""class_id"": 0, ""class_name"": ""person""}, {""x1"": 655.37, ""y1"": 353.22, ""x2"": 716.8, ""y2"": 416.68, ""confidence"": 0.283, ""class_id"": 0, ""class_name"": ""person""}]"
sidewalk_20260611_013714,camera_01,data\video\sidewalk.mp4,117,2026-06-11T01:37:55,2026-06-11T01:37:56,1920,1080,4,75.92,output\experiments\sidewalk_20260611_013714\annotated_frames\camera_01_frame_000117.jpg,"[{""x1"": 1161.35, ""y1"": 357.45, ""x2"": 1250.39, ""y2"": 570.39, ""confidence"": 0.8601, ""class_id"": 0, ""class_name"": ""person""}, {""x1"": 857.15, ""y1"": 390.16, ""x2"": 948.68, ""y2"": 579.37, ""confidence"": 0.7679, ""class_id"": 0, ""class_name"": ""person""}, {""x1"": 963.62, ""y1"": 360.14, ""x2"": 1039.16, ""y2"": 569.92, ""confidence"": 0.7026, ""class_id"": 0, ""class_name"": ""person""}, {""x1"": 651.62, ""y1"": 358.06, ""x2"": 710.71, ""y2"": 420.57, ""confidence"": 0.2577, ""class_id"": 0, ""class_name"": ""person""}]"
sidewalk_20260611_013714,camera_01,data\video\sidewalk.mp4,118,2026-06-11T01:37:56,2026-06-11T01:37:56,1920,1080,4,58.45,output\experiments\sidewalk_20260611_013714\annotated_frames\camera_01_frame_000118.jpg,"[{""x1"": 1163.12, ""y1"": 358.8, ""x2"": 1261.44, ""y2"": 569.82, ""confidence"": 0.8317, ""class_id"": 0, ""class_name"": ""person""}, {""x1"": 862.49, ""y1"": 392.51, ""x2"": 954.7, ""y2"": 579.42, ""confidence"": 0.7682, ""class_id"": 0, ""class_name"": ""person""}, {""x1"": 599.01, ""y1"": 349.42, ""x2"": 709.52, ""y2"": 606.65, ""confidence"": 0.7564, ""class_id"": 0, ""class_name"": ""person""}, {""x1"": 974.41, ""y1"": 363.81, ""x2"": 1044.7, ""y2"": 565.29, ""confidence"": 0.6927, ""class_id"": 0, ""class_name"": ""person""}]"
sidewalk_20260611_013714,camera_01,data\video\sidewalk.mp4,119,2026-06-11T01:37:56,2026-06-11T01:37:56,1920,1080,4,60.68,output\experiments\sidewalk_20260611_013714\annotated_frames\camera_01_frame_000119.jpg,"[{""x1"": 1163.47, ""y1"": 360.72, ""x2"": 1264.67, ""y2"": 571.27, ""confidence"": 0.8074, ""class_id"": 0, ""class_name"": ""person""}, {""x1"": 868.72, ""y1"": 392.89, ""x2"": 957.9, ""y2"": 578.92, ""confidence"": 0.7918, ""class_id"": 0, ""class_name"": ""person""}, {""x1"": 994.45, ""y1"": 364.5, ""x2"": 1059.43, ""y2"": 566.3, ""confidence"": 0.7667, ""class_id"": 0, ""class_name"": ""person""}, {""x1"": 639.28, ""y1"": 355.69, ""x2"": 710.69, ""y2"": 606.33, ""confidence"": 0.7186, ""class_id"": 0, ""class_name"": ""person""}]"
sidewalk_20260611_013714,camera_01,data\video\sidewalk.mp4,120,2026-06-11T01:37:56,2026-06-11T01:37:56,1920,1080,5,64.14,output\experiments\sidewalk_20260611_013714\annotated_frames\camera_01_frame_000120.jpg,"[{""x1"": 1164.42, ""y1"": 361.14, ""x2"": 1263.86, ""y2"": 571.25, ""confidence"": 0.8175, ""class_id"": 0, ""class_name"": ""person""}, {""x1"": 873.37, ""y1"": 392.26, ""x2"": 958.68, ""y2"": 578.77, ""confidence"": 0.7845, ""class_id"": 0, ""class_name"": ""person""}, {""x1"": 999.0, ""y1"": 361.66, ""x2"": 1063.57, ""y2"": 570.75, ""confidence"": 0.7192, ""class_id"": 0, ""class_name"": ""person""}, {""x1"": 636.66, ""y1"": 357.51, ""x2"": 710.5, ""y2"": 607.02, ""confidence"": 0.6971, ""class_id"": 0, ""class_name"": ""person""}, {""x1"": 630.92, ""y1"": 360.1, ""x2"": 739.43, ""y2"": 605.71, ""confidence"": 0.5262, ""class_id"": 0, ""class_name"": ""person""}]"
sidewalk_20260611_013714,camera_01,data\video\sidewalk.mp4,121,2026-06-11T01:37:56,2026-06-11T01:37:56,1920,1080,5,56.4,output\experiments\sidewalk_20260611_013714\annotated_frames\camera_01_frame_000121.jpg,"[{""x1"": 1165.83, ""y1"": 361.09, ""x2"": 1266.82, ""y2"": 567.8, ""confidence"": 0.8143, ""class_id"": 0, ""class_name"": ""person""}, {""x1"": 878.96, ""y1"": 391.67, ""x2"": 957.7, ""y2"": 578.93, ""confidence"": 0.7809, ""class_id"": 0, ""class_name"": ""person""}, {""x1"": 997.37, ""y1"": 357.1, ""x2"": 1069.03, ""y2"": 577.58, ""confidence"": 0.7442, ""class_id"": 0, ""class_name"": ""person""}, {""x1"": 634.67, ""y1"": 358.66, ""x2"": 710.78, ""y2"": 606.29, ""confidence"": 0.7151, ""class_id"": 0, ""class_name"": ""person""}, {""x1"": 1224.64, ""y1"": 354.04, ""x2"": 1272.45, ""y2"": 568.13, ""confidence"": 0.2942, ""class_id"": 0, ""class_name"": ""person""}]"
sidewalk_20260611_013714,camera_01,data\video\sidewalk.mp4,122,2026-06-11T01:37:57,2026-06-11T01:37:57,1920,1080,4,48.75,output\experiments\sidewalk_20260611_013714\annotated_frames\camera_01_frame_000122.jpg,"[{""x1"": 1168.65, ""y1"": 361.17, ""x2"": 1269.13, ""y2"": 568.79, ""confidence"": 0.8089, ""class_id"": 0, ""class_name"": ""person""}, {""x1"": 881.88, ""y1"": 390.52, ""x2"": 958.8, ""y2"": 578.2, ""confidence"": 0.7819, ""class_id"": 0, ""class_name"": ""person""}, {""x1"": 633.63, ""y1"": 359.28, ""x2"": 714.59, ""y2"": 604.89, ""confidence"": 0.7175, ""class_id"": 0, ""class_name"": ""person""}, {""x1"": 1000.03, ""y1"": 365.09, ""x2"": 1077.67, ""y2"": 570.33, ""confidence"": 0.6985, ""class_id"": 0, ""class_name"": ""person""}]"
sidewalk_20260611_013714,camera_01,data\video\sidewalk.mp4,123,2026-06-11T01:37:57,2026-06-11T01:37:57,1920,1080,4,51.68,output\experiments\sidewalk_20260611_013714\annotated_frames\camera_01_frame_000123.jpg,"[{""x1"": 892.95, ""y1"": 389.05, ""x2"": 961.98, ""y2"": 577.93, ""confidence"": 0.7776, ""class_id"": 0, ""class_name"": ""person""}, {""x1"": 1169.29, ""y1"": 360.24, ""x2"": 1268.78, ""y2"": 568.15, ""confidence"": 0.7694, ""class_id"": 0, ""class_name"": ""person""}, {""x1"": 1002.59, ""y1"": 365.42, ""x2"": 1089.34, ""y2"": 569.7, ""confidence"": 0.7587, ""class_id"": 0, ""class_name"": ""person""}, {""x1"": 633.56, ""y1"": 357.92, ""x2"": 710.91, ""y2"": 606.31, ""confidence"": 0.7214, ""class_id"": 0, ""class_name"": ""person""}]"
sidewalk_20260611_013714,camera_01,data\video\sidewalk.mp4,124,2026-06-11T01:37:57,2026-06-11T01:37:57,1920,1080,5,59.47,output\experiments\sidewalk_20260611_013714\annotated_frames\camera_01_frame_000124.jpg,"[{""x1"": 903.64, ""y1"": 388.71, ""x2"": 965.55, ""y2"": 577.49, ""confidence"": 0.7692, ""class_id"": 0, ""class_name"": ""person""}, {""x1"": 1011.07, ""y1"": 364.78, ""x2"": 1096.4, ""y2"": 566.23, ""confidence"": 0.765, ""class_id"": 0, ""class_name"": ""person""}, {""x1"": 631.71, ""y1"": 359.62, ""x2"": 713.06, ""y2"": 605.5, ""confidence"": 0.7292, ""class_id"": 0, ""class_name"": ""person""}, {""x1"": 1179.3, ""y1"": 360.59, ""x2"": 1269.1, ""y2"": 563.87, ""confidence"": 0.6282, ""class_id"": 0, ""class_name"": ""person""}, {""x1"": 1204.21, ""y1"": 359.65, ""x2"": 1267.58, ""y2"": 566.17, ""confidence"": 0.3912, ""class_id"": 0, ""class_name"": ""person""}]"
sidewalk_20260611_013714,camera_01,data\video\sidewalk.mp4,125,2026-06-11T01:37:57,2026-06-11T01:37:57,1920,1080,4,64.83,output\experiments\sidewalk_20260611_013714\annotated_frames\camera_01_frame_000125.jpg,"[{""x1"": 1014.37, ""y1"": 362.94, ""x2"": 1107.33, ""y2"": 565.62, ""confidence"": 0.7982, ""class_id"": 0, ""class_name"": ""person""}, {""x1"": 908.37, ""y1"": 387.82, ""x2"": 969.8, ""y2"": 577.77, ""confidence"": 0.7407, ""class_id"": 0, ""class_name"": ""person""}, {""x1"": 632.57, ""y1"": 359.07, ""x2"": 711.54, ""y2"": 607.4, ""confidence"": 0.7353, ""class_id"": 0, ""class_name"": ""person""}, {""x1"": 1212.93, ""y1"": 356.95, ""x2"": 1273.33, ""y2"": 515.96, ""confidence"": 0.363, ""class_id"": 0, ""class_name"": ""person""}]"
sidewalk_20260611_013714,camera_01,data\video\sidewalk.mp4,126,2026-06-11T01:37:57,2026-06-11T01:37:57,1920,1080,3,57.72,output\experiments\sidewalk_20260611_013714\annotated_frames\camera_01_frame_000126.jpg,"[{""x1"": 1016.49, ""y1"": 365.2, ""x2"": 1115.12, ""y2"": 570.95, ""confidence"": 0.8185, ""class_id"": 0, ""class_name"": ""person""}, {""x1"": 630.89, ""y1"": 358.78, ""x2"": 711.43, ""y2"": 606.89, ""confidence"": 0.7574, ""class_id"": 0, ""class_name"": ""person""}, {""x1"": 911.49, ""y1"": 388.68, ""x2"": 973.89, ""y2"": 577.36, ""confidence"": 0.756, ""class_id"": 0, ""class_name"": ""person""}]"
sidewalk_20260611_013714,camera_01,data\video\sidewalk.mp4,127,2026-06-11T01:37:58,2026-06-11T01:37:58,1920,1080,4,54.31,output\experiments\sidewalk_20260611_013714\annotated_frames\camera_01_frame_000127.jpg,"[{""x1"": 630.83, ""y1"": 359.58, ""x2"": 711.58, ""y2"": 606.84, ""confidence"": 0.769, ""class_id"": 0, ""class_name"": ""person""}, {""x1"": 915.18, ""y1"": 388.6, ""x2"": 976.41, ""y2"": 578.87, ""confidence"": 0.7622, ""class_id"": 0, ""class_name"": ""person""}, {""x1"": 1018.82, ""y1"": 367.44, ""x2"": 1113.78, ""y2"": 565.86, ""confidence"": 0.737, ""class_id"": 0, ""class_name"": ""person""}, {""x1"": 1235.5, ""y1"": 354.56, ""x2"": 1280.27, ""y2"": 402.81, ""confidence"": 0.3859, ""class_id"": 0, ""class_name"": ""person""}]"
sidewalk_20260611_013714,camera_01,data\video\sidewalk.mp4,128,2026-06-11T01:37:58,2026-06-11T01:37:58,1920,1080,5,60.42,output\experiments\sidewalk_20260611_013714\annotated_frames\camera_01_frame_000128.jpg,"[{""x1"": 629.97, ""y1"": 359.71, ""x2"": 711.72, ""y2"": 606.89, ""confidence"": 0.7816, ""class_id"": 0, ""class_name"": ""person""}, {""x1"": 918.27, ""y1"": 388.02, ""x2"": 978.26, ""y2"": 577.93, ""confidence"": 0.7703, ""class_id"": 0, ""class_name"": ""person""}, {""x1"": 1052.62, ""y1"": 368.58, ""x2"": 1104.31, ""y2"": 529.26, ""confidence"": 0.501, ""class_id"": 0, ""class_name"": ""person""}, {""x1"": 1034.92, ""y1"": 368.06, ""x2"": 1107.68, ""y2"": 548.64, ""confidence"": 0.4481, ""class_id"": 0, ""class_name"": ""person""}, {""x1"": 1241.73, ""y1"": 351.94, ""x2"": 1283.61, ""y2"": 397.52, ""confidence"": 0.3982, ""class_id"": 0, ""class_name"": ""person""}]"
sidewalk_20260611_013714,camera_01,data\video\sidewalk.mp4,129,2026-06-11T01:37:58,2026-06-11T01:37:58,1920,1080,5,51.66,output\experiments\sidewalk_20260611_013714\annotated_frames\camera_01_frame_000129.jpg,"[{""x1"": 630.76, ""y1"": 359.72, ""x2"": 711.07, ""y2"": 607.72, ""confidence"": 0.7781, ""class_id"": 0, ""class_name"": ""person""}, {""x1"": 921.51, ""y1"": 388.63, ""x2"": 979.77, ""y2"": 579.53, ""confidence"": 0.7578, ""class_id"": 0, ""class_name"": ""person""}, {""x1"": 1056.38, ""y1"": 368.12, ""x2"": 1106.27, ""y2"": 437.53, ""confidence"": 0.3898, ""class_id"": 0, ""class_name"": ""person""}, {""x1"": 1053.47, ""y1"": 368.18, ""x2"": 1110.56, ""y2"": 485.34, ""confidence"": 0.327, ""class_id"": 0, ""class_name"": ""person""}, {""x1"": 1244.7, ""y1"": 352.18, ""x2"": 1287.42, ""y2"": 395.09, ""confidence"": 0.2686, ""class_id"": 0, ""class_name"": ""person""}]"
sidewalk_20260611_013714,camera_01,data\video\sidewalk.mp4,130,2026-06-11T01:37:58,2026-06-11T01:37:58,1920,1080,2,53.47,output\experiments\sidewalk_20260611_013714\annotated_frames\camera_01_frame_000130.jpg,"[{""x1"": 922.89, ""y1"": 386.3, ""x2"": 981.79, ""y2"": 581.03, ""confidence"": 0.778, ""class_id"": 0, ""class_name"": ""person""}, {""x1"": 631.43, ""y1"": 359.46, ""x2"": 711.49, ""y2"": 608.16, ""confidence"": 0.7689, ""class_id"": 0, ""class_name"": ""person""}]"
sidewalk_20260611_013714,camera_01,data\video\sidewalk.mp4,131,2026-06-11T01:37:58,2026-06-11T01:37:59,1920,1080,2,53.42,output\experiments\sidewalk_20260611_013714\annotated_frames\camera_01_frame_000131.jpg,"[{""x1"": 630.74, ""y1"": 359.33, ""x2"": 712.67, ""y2"": 608.62, ""confidence"": 0.7638, ""class_id"": 0, ""class_name"": ""person""}, {""x1"": 927.29, ""y1"": 388.31, ""x2"": 988.65, ""y2"": 547.79, ""confidence"": 0.2867, ""class_id"": 0, ""class_name"": ""person""}]"
sidewalk_20260611_013714,camera_01,data\video\sidewalk.mp4,132,2026-06-11T01:37:59,2026-06-11T01:37:59,1920,1080,1,57.85,output\experiments\sidewalk_20260611_013714\annotated_frames\camera_01_frame_000132.jpg,"[{""x1"": 627.19, ""y1"": 359.26, ""x2"": 712.28, ""y2"": 608.26, ""confidence"": 0.7873, ""class_id"": 0, ""class_name"": ""person""}]"
sidewalk_20260611_013714,camera_01,data\video\sidewalk.mp4,133,2026-06-11T01:37:59,2026-06-11T01:37:59,1920,1080,1,59.57,output\experiments\sidewalk_20260611_013714\annotated_frames\camera_01_frame_000133.jpg,"[{""x1"": 625.95, ""y1"": 358.84, ""x2"": 711.44, ""y2"": 607.85, ""confidence"": 0.802, ""class_id"": 0, ""class_name"": ""person""}]"
sidewalk_20260611_013714,camera_01,data\video\sidewalk.mp4,134,2026-06-11T01:37:59,2026-06-11T01:37:59,1920,1080,1,46.23,output\experiments\sidewalk_20260611_013714\annotated_frames\camera_01_frame_000134.jpg,"[{""x1"": 624.72, ""y1"": 359.14, ""x2"": 711.47, ""y2"": 607.38, ""confidence"": 0.8184, ""class_id"": 0, ""class_name"": ""person""}]"
sidewalk_20260611_013714,camera_01,data\video\sidewalk.mp4,135,2026-06-11T01:37:59,2026-06-11T01:37:59,1920,1080,2,83.86,output\experiments\sidewalk_20260611_013714\annotated_frames\camera_01_frame_000135.jpg,"[{""x1"": 624.43, ""y1"": 359.83, ""x2"": 714.7, ""y2"": 606.73, ""confidence"": 0.7938, ""class_id"": 0, ""class_name"": ""person""}, {""x1"": 0.0, ""y1"": 226.38, ""x2"": 161.36, ""y2"": 1061.42, ""confidence"": 0.492, ""class_id"": 0, ""class_name"": ""person""}]"
sidewalk_20260611_013714,camera_01,data\video\sidewalk.mp4,136,2026-06-11T01:38:00,2026-06-11T01:38:00,1920,1080,3,59.8,output\experiments\sidewalk_20260611_013714\annotated_frames\camera_01_frame_000136.jpg,"[{""x1"": 0.0, ""y1"": 138.86, ""x2"": 394.37, ""y2"": 1065.67, ""confidence"": 0.8498, ""class_id"": 0, ""class_name"": ""person""}, {""x1"": 626.82, ""y1"": 358.84, ""x2"": 711.46, ""y2"": 605.58, ""confidence"": 0.7213, ""class_id"": 0, ""class_name"": ""person""}, {""x1"": 625.55, ""y1"": 357.96, ""x2"": 751.41, ""y2"": 605.94, ""confidence"": 0.2746, ""class_id"": 0, ""class_name"": ""person""}]"
sidewalk_20260611_013714,camera_01,data\video\sidewalk.mp4,137,2026-06-11T01:38:00,2026-06-11T01:38:00,1920,1080,2,52.63,output\experiments\sidewalk_20260611_013714\annotated_frames\camera_01_frame_000137.jpg,"[{""x1"": 0.27, ""y1"": 14.35, ""x2"": 550.49, ""y2"": 1064.26, ""confidence"": 0.8455, ""class_id"": 0, ""class_name"": ""person""}, {""x1"": 628.92, ""y1"": 357.44, ""x2"": 706.38, ""y2"": 567.08, ""confidence"": 0.2595, ""class_id"": 0, ""class_name"": ""person""}]"
sidewalk_20260611_013714,camera_01,data\video\sidewalk.mp4,138,2026-06-11T01:38:00,2026-06-11T01:38:00,1920,1080,1,53.78,output\experiments\sidewalk_20260611_013714\annotated_frames\camera_01_frame_000138.jpg,"[{""x1"": 0.27, ""y1"": 1.07, ""x2"": 630.48, ""y2"": 1069.83, ""confidence"": 0.8336, ""class_id"": 0, ""class_name"": ""person""}]"
sidewalk_20260611_013714,camera_01,data\video\sidewalk.mp4,139,2026-06-11T01:38:00,2026-06-11T01:38:00,1920,1080,1,50.6,output\experiments\sidewalk_20260611_013714\annotated_frames\camera_01_frame_000139.jpg,"[{""x1"": 1.45, ""y1"": 4.42, ""x2"": 650.84, ""y2"": 1067.94, ""confidence"": 0.8935, ""class_id"": 0, ""class_name"": ""person""}]"
sidewalk_20260611_013714,camera_01,data\video\sidewalk.mp4,140,2026-06-11T01:38:00,2026-06-11T01:38:00,1920,1080,1,72.93,output\experiments\sidewalk_20260611_013714\annotated_frames\camera_01_frame_000140.jpg,"[{""x1"": 0.73, ""y1"": 5.4, ""x2"": 677.09, ""y2"": 1064.25, ""confidence"": 0.9082, ""class_id"": 0, ""class_name"": ""person""}]"
sidewalk_20260611_013714,camera_01,data\video\sidewalk.mp4,141,2026-06-11T01:38:01,2026-06-11T01:38:01,1920,1080,2,50.42,output\experiments\sidewalk_20260611_013714\annotated_frames\camera_01_frame_000141.jpg,"[{""x1"": 0.67, ""y1"": 6.06, ""x2"": 690.83, ""y2"": 1065.95, ""confidence"": 0.9104, ""class_id"": 0, ""class_name"": ""person""}, {""x1"": 1493.62, ""y1"": 421.01, ""x2"": 1539.35, ""y2"": 578.38, ""confidence"": 0.3052, ""class_id"": 0, ""class_name"": ""person""}]"
sidewalk_20260611_013714,camera_01,data\video\sidewalk.mp4,142,2026-06-11T01:38:01,2026-06-11T01:38:01,1920,1080,2,58.2,output\experiments\sidewalk_20260611_013714\annotated_frames\camera_01_frame_000142.jpg,"[{""x1"": 2.5, ""y1"": 4.3, ""x2"": 702.71, ""y2"": 1066.45, ""confidence"": 0.8923, ""class_id"": 0, ""class_name"": ""person""}, {""x1"": 1480.89, ""y1"": 387.48, ""x2"": 1536.61, ""y2"": 578.77, ""confidence"": 0.5667, ""class_id"": 0, ""class_name"": ""person""}]"
sidewalk_20260611_013714,camera_01,data\video\sidewalk.mp4,143,2026-06-11T01:38:01,2026-06-11T01:38:01,1920,1080,3,53.47,output\experiments\sidewalk_20260611_013714\annotated_frames\camera_01_frame_000143.jpg,"[{""x1"": 2.31, ""y1"": 6.45, ""x2"": 710.56, ""y2"": 1064.89, ""confidence"": 0.9045, ""class_id"": 0, ""class_name"": ""person""}, {""x1"": 1454.31, ""y1"": 387.08, ""x2"": 1530.57, ""y2"": 575.99, ""confidence"": 0.6062, ""class_id"": 0, ""class_name"": ""person""}, {""x1"": 1478.14, ""y1"": 388.48, ""x2"": 1532.13, ""y2"": 577.27, ""confidence"": 0.2556, ""class_id"": 0, ""class_name"": ""person""}]"
sidewalk_20260611_013714,camera_01,data\video\sidewalk.mp4,144,2026-06-11T01:38:01,2026-06-11T01:38:01,1920,1080,4,51.83,output\experiments\sidewalk_20260611_013714\annotated_frames\camera_01_frame_000144.jpg,"[{""x1"": 0.69, ""y1"": 0.0, ""x2"": 718.73, ""y2"": 1065.7, ""confidence"": 0.8908, ""class_id"": 0, ""class_name"": ""person""}, {""x1"": 1307.66, ""y1"": 358.99, ""x2"": 1362.0, ""y2"": 565.92, ""confidence"": 0.6938, ""class_id"": 0, ""class_name"": ""person""}, {""x1"": 1440.94, ""y1"": 388.76, ""x2"": 1525.82, ""y2"": 568.61, ""confidence"": 0.677, ""class_id"": 0, ""class_name"": ""person""}, {""x1"": 1512.37, ""y1"": 391.82, ""x2"": 1562.47, ""y2"": 566.87, ""confidence"": 0.2702, ""class_id"": 0, ""class_name"": ""person""}]"
sidewalk_20260611_013714,camera_01,data\video\sidewalk.mp4,145,2026-06-11T01:38:01,2026-06-11T01:38:02,1920,1080,3,58.54,output\experiments\sidewalk_20260611_013714\annotated_frames\camera_01_frame_000145.jpg,"[{""x1"": 63.54, ""y1"": 4.73, ""x2"": 888.24, ""y2"": 1063.65, ""confidence"": 0.7946, ""class_id"": 0, ""class_name"": ""person""}, {""x1"": 1299.97, ""y1"": 357.66, ""x2"": 1370.86, ""y2"": 565.46, ""confidence"": 0.7247, ""class_id"": 0, ""class_name"": ""person""}, {""x1"": 1433.66, ""y1"": 392.21, ""x2"": 1526.26, ""y2"": 573.2, ""confidence"": 0.3883, ""class_id"": 0, ""class_name"": ""person""}]"
sidewalk_20260611_013714,camera_01,data\video\sidewalk.mp4,146,2026-06-11T01:38:02,2026-06-11T01:38:02,1920,1080,3,51.72,output\experiments\sidewalk_20260611_013714\annotated_frames\camera_01_frame_000146.jpg,"[{""x1"": 328.39, ""y1"": 6.97, ""x2"": 1002.15, ""y2"": 1064.16, ""confidence"": 0.8413, ""class_id"": 0, ""class_name"": ""person""}, {""x1"": 1299.91, ""y1"": 357.42, ""x2"": 1376.1, ""y2"": 567.2, ""confidence"": 0.757, ""class_id"": 0, ""class_name"": ""person""}, {""x1"": 1429.6, ""y1"": 401.24, ""x2"": 1512.54, ""y2"": 564.28, ""confidence"": 0.432, ""class_id"": 0, ""class_name"": ""person""}]"
sidewalk_20260611_013714,camera_01,data\video\sidewalk.mp4,147,2026-06-11T01:38:02,2026-06-11T01:38:02,1920,1080,4,49.63,output\experiments\sidewalk_20260611_013714\annotated_frames\camera_01_frame_000147.jpg,"[{""x1"": 1311.64, ""y1"": 353.38, ""x2"": 1379.24, ""y2"": 551.47, ""confidence"": 0.6514, ""class_id"": 0, ""class_name"": ""person""}, {""x1"": 401.62, ""y1"": 2.61, ""x2"": 1134.5, ""y2"": 1061.6, ""confidence"": 0.6164, ""class_id"": 0, ""class_name"": ""person""}, {""x1"": 1167.58, ""y1"": 368.95, ""x2"": 1227.36, ""y2"": 567.34, ""confidence"": 0.607, ""class_id"": 0, ""class_name"": ""person""}, {""x1"": 1424.66, ""y1"": 400.77, ""x2"": 1517.94, ""y2"": 567.37, ""confidence"": 0.5091, ""class_id"": 0, ""class_name"": ""person""}]"
sidewalk_20260611_013714,camera_01,data\video\sidewalk.mp4,148,2026-06-11T01:38:02,2026-06-11T01:38:02,1920,1080,4,49.95,output\experiments\sidewalk_20260611_013714\annotated_frames\camera_01_frame_000148.jpg,"[{""x1"": 1307.14, ""y1"": 354.09, ""x2"": 1382.68, ""y2"": 567.46, ""confidence"": 0.6882, ""class_id"": 0, ""class_name"": ""person""}, {""x1"": 1166.98, ""y1"": 369.38, ""x2"": 1232.28, ""y2"": 544.65, ""confidence"": 0.5152, ""class_id"": 0, ""class_name"": ""person""}, {""x1"": 1425.38, ""y1"": 403.57, ""x2"": 1494.52, ""y2"": 558.11, ""confidence"": 0.464, ""class_id"": 0, ""class_name"": ""person""}, {""x1"": 460.97, ""y1"": 2.76, ""x2"": 1204.98, ""y2"": 1063.22, ""confidence"": 0.4305, ""class_id"": 0, ""class_name"": ""person""}]"
sidewalk_20260611_013714,camera_01,data\video\sidewalk.mp4,149,2026-06-11T01:38:02,2026-06-11T01:38:02,1920,1080,3,53.22,output\experiments\sidewalk_20260611_013714\annotated_frames\camera_01_frame_000149.jpg,"[{""x1"": 452.13, ""y1"": 2.35, ""x2"": 1341.4, ""y2"": 1061.13, ""confidence"": 0.7491, ""class_id"": 0, ""class_name"": ""person""}, {""x1"": 1309.91, ""y1"": 354.63, ""x2"": 1381.69, ""y2"": 564.9, ""confidence"": 0.7025, ""class_id"": 0, ""class_name"": ""person""}, {""x1"": 1421.16, ""y1"": 406.55, ""x2"": 1484.58, ""y2"": 561.94, ""confidence"": 0.3755, ""class_id"": 0, ""class_name"": ""person""}]"
sidewalk_20260611_013714,camera_01,data\video\sidewalk.mp4,150,2026-06-11T01:38:03,2026-06-11T01:38:03,1920,1080,3,51.88,output\experiments\sidewalk_20260611_013714\annotated_frames\camera_01_frame_000150.jpg,"[{""x1"": 476.49, ""y1"": 3.24, ""x2"": 1525.73, ""y2"": 1063.25, ""confidence"": 0.798, ""class_id"": 0, ""class_name"": ""person""}, {""x1"": 1313.24, ""y1"": 357.57, ""x2"": 1392.1, ""y2"": 567.29, ""confidence"": 0.715, ""class_id"": 0, ""class_name"": ""person""}, {""x1"": 1421.55, ""y1"": 406.96, ""x2"": 1481.01, ""y2"": 560.6, ""confidence"": 0.4341, ""class_id"": 0, ""class_name"": ""person""}]"
